gene_id,mean_eta,mean_abs_eta,sd_eta,sd_abs_eta,n
gene-LOC114946765,-0.9056347239706436,0.9056347239706436,NA,NA,1
gene-LOC114946770,-0.19844093509410157,0.3186406345386039,0.4998813363191292,0.3957925927970157,3
gene-LOC114946822,-0.6751746228404161,0.6751746228404161,NA,NA,1
gene-LOC114946827,0.2518958345154682,0.2518958345154682,0.021565866431321502,0.021565866431321502,2
gene-LOC114946847,-0.0693421091705525,0.0693421091705525,NA,NA,1
gene-LOC114946895,-0.24979551171100906,0.24979551171100906,0.20850760453204148,0.20850760453204148,4
gene-LOC114946901,-0.14813677655734958,0.14813677655734958,NA,NA,1
gene-LOC114946914,-0.7023534249322354,0.7023534249322354,0.02490178155145274,0.02490178155145274,2
gene-LOC114946920,-0.2730471161839683,0.2730471161839683,0.2580705416018977,0.2580705416018977,5
gene-LOC114946954,-0.11226490362966662,0.15615789296272836,0.22084061009949654,0.15876654929158304,2
gene-LOC114946968,0.01611646726877735,0.01611646726877735,NA,NA,1
gene-LOC114946994,-0.09057577795580628,0.09057577795580628,NA,NA,1
gene-LOC114946997,-0.09057577795580628,0.09057577795580628,NA,NA,1
gene-LOC114947004,-0.345723970450245,0.4362865844303873,0.6170024047828881,0.48892752784821164,2
gene-LOC114947029,0.02441650536683337,0.02441650536683337,NA,NA,1
gene-LOC114947034,-0.9493346048231013,0.9493346048231013,0.24210960807394583,0.24210960807394583,2
gene-LOC114947134,-0.05273333449395068,0.05273333449395068,NA,NA,1
gene-LOC114947222,0.17430088307201996,0.17430088307201996,NA,NA,1
gene-LOC114947243,-0.3768787591379439,0.3768787591379439,NA,NA,1
gene-LOC114947287,-0.92905081461821315,0.92905081461821315,NA,NA,1
gene-LOC114947318,0.08543299122304848,0.08543299122304848,NA,NA,1
gene-LOC114947417,-1.0142711278721417,1.0142711278721417,NA,NA,1
gene-LOC114947468,-0.750302238380107,0.750302238380107,NA,NA,1
gene-LOC114947528,-0.00633253235543296,0.00633253235543296,NA,NA,1
gene-LOC114947531,-0.07209629343379023,0.3573385775105952,0.4954511787584135,0.24846004780949127,3
gene-LOC114947543,-0.3158561382397398,0.3158561382397398,0.13682431411503082,0.13682431411503082,3
gene-LOC114947551,-0.8337073863246497,0.8337073863246497,NA,NA,1
gene-LOC114947665,-0.17341556320926965,0.17341556320926965,NA,NA,1
gene-LOC114947874,-0.8252468866414046,0.8252468866414046,NA,NA,1
gene-LOC114947984,-0.8518526422876634,0.8518526422876634,NA,NA,1
gene-LOC114947987,-0.6742304586982321,0.6742304586982321,0.009550768908330575,0.009550768908330575,2
gene-LOC114947999,-1.782069969070551,1.782069969070551,NA,NA,1
gene-LOC114948032,-0.10287952155859724,0.10287952155859724,NA,NA,1
gene-LOC114948086,0.03004038609353843,0.03004038609353843,NA,NA,1
gene-LOC114948117,-1.2838573846145007,1.2838573846145007,NA,NA,1
gene-LOC114948125,0.24165024006550673,0.24165024006550673,NA,NA,1
gene-LOC114948146,0.05889741270423376,0.05889741270423376,NA,NA,1
gene-LOC114948201,-0.1509949335350549,0.1509949335350549,NA,NA,1
gene-LOC114948286,-0.3182014389891237,0.33008581298775364,0.20053692695868297,0.18011602049825676,113
gene-LOC114948306,-0.25831613638401335,0.2987547620490351,0.415586296837524,0.38510715841303733,13
gene-LOC114948377,-0.2938982695920817,0.3007784624046629,0.28231874627955067,0.2739121853252699,8
gene-LOC114948422,-0.7090519497015044,0.7090519497015044,NA,NA,1
gene-LOC114948435,-0.25501080345765625,0.25501080345765625,NA,NA,1
gene-LOC114948454,-0.09988387151476723,0.18197280085158687,0.24641515329165034,0.16128998443876913,3
gene-LOC114948563,-0.9920478103997881,0.9920478103997881,0.09296110866782799,0.09296110866782799,3
gene-LOC114948618,-0.9913722339988958,0.9913722339988958,NA,NA,1
gene-LOC114948630,-0.05523797130497132,0.05523797130497132,0.06637154823698214,0.06637154823698214,2
gene-LOC114948667,-0.2631015335468168,0.2758171681455529,0.2214274561512154,0.20327527736375078,9
gene-LOC114948793,0.13646818983142597,0.13646818983142597,NA,NA,1
gene-LOC114948825,-0.3921770550695488,0.3921770550695488,0.12503780899756448,0.12503780899756448,2
gene-LOC114948909,0.027604519026113442,0.049528634204784094,0.07004406621822164,0.03903868518951577,2
gene-LOC114948943,-0.20949435601991304,0.20949435601991304,NA,NA,1
gene-LOC114949055,0.19706230025159188,0.19706230025159188,NA,NA,1
gene-LOC114949093,-0.6417123281864984,0.6417123281864984,0.25746296470446667,0.25746296470446667,7
gene-LOC114949209,-0.5216260666088568,0.5216260666088568,0.09542341006826471,0.09542341006826471,2
gene-LOC114949237,-0.1825016589347762,0.1825016589347762,NA,NA,1
gene-LOC114949346,-1.2204851413743845,1.2204851413743845,0.0793337489249942,0.0793337489249942,2
gene-LOC114949363,-0.6814146563711763,0.6814146563711763,0.08804329559005072,0.08804329559005072,2
gene-LOC114949457,0.00484563865564513,0.00484563865564513,NA,NA,1
gene-LOC114949471,-0.03417402681740977,0.03417402681740977,NA,NA,1
gene-LOC114949641,-0.3356727894122109,0.3356727894122109,0.1177377911496106,0.1177377911496106,6
gene-LOC114949750,-0.3921770550695488,0.3921770550695488,0.12503780899756448,0.12503780899756448,2
gene-LOC114949756,-0.4073651723342703,0.4073651723342703,NA,NA,1
gene-LOC114949826,-0.1825016589347762,0.1825016589347762,NA,NA,1
gene-LOC114949856,-0.7304254521941038,0.7304254521941038,NA,NA,1
gene-LOC114949863,-0.887537132959803,0.887537132959803,0.2098846887515159,0.2098846887515159,2
gene-LOC114949904,-0.1638681893536592,0.1638681893536592,NA,NA,1
gene-LOC114950001,-0.5935610262990758,0.616833879454858,0.4410988789259114,0.39624373448700106,4
gene-LOC114950062,-0.872999420003953,0.872999420003953,NA,NA,1
gene-LOC114950083,-0.6999605074902502,0.6999605074902502,NA,NA,1
gene-LOC114950146,-0.6980246192498,0.6980246192498,NA,NA,1
gene-LOC114950216,-1.7288600621521375,1.7288600621521375,NA,NA,1
gene-LOC114950224,-1.3723675111213811,1.3723675111213811,NA,NA,1
gene-LOC114950235,-0.22182264258817047,0.4622383637510484,0.6537037630658806,0.3137045895896304,2
gene-LOC114950512,0.1445282253857766,0.1445282253857766,0.06442658508291065,0.06442658508291065,2
gene-LOC114950515,-0.22392317835480335,0.22392317835480335,0.10543123617805736,0.10543123617805736,2
gene-LOC114950557,-0.40084353541733514,0.40084353541733514,NA,NA,1
gene-LOC114950559,-1.2112197810276744,1.2112197810276744,0.056398761896510496,0.056398761896510496,2
gene-LOC114950705,0.04510193983409849,0.04510193983409849,NA,NA,1
gene-LOC114950706,0.0315192845290756,0.0315192845290756,NA,NA,1
gene-LOC114950717,-0.03353610083580305,0.03353610083580305,NA,NA,1
gene-LOC114950726,-0.3923695343273952,0.4458866012830748,0.4560195434398821,0.38488848300750544,4
gene-LOC114950730,-1.460261863150658,1.460261863150658,NA,NA,1
gene-LOC114950776,-0.02967079077343759,0.02967079077343759,NA,NA,1
gene-LOC114950777,-0.16012858330689073,0.16012858330689073,NA,NA,1
gene-LOC114950827,-0.5994217393328799,0.5994217393328799,0.01926675162085317,0.01926675162085317,3
gene-LOC114950841,-0.04698741354933267,0.04698741354933267,NA,NA,1
gene-LOC114950883,-1.396097766793836,1.396097766793836,NA,NA,1
gene-LOC114950900,-0.05351608112549394,0.05351608112549394,0.009483794231868525,0.009483794231868525,2
gene-LOC114951044,-1.1923169163978165,1.1923169163978165,0.8075758703893581,0.8075758703893581,2
gene-LOC114951057,0.13566035354094508,0.13566035354094508,NA,NA,1
gene-LOC114951272,-0.3815359195683517,0.3815359195683517,NA,NA,1
gene-LOC114951298,-0.4242571852356056,0.4242571852356056,NA,NA,1
gene-LOC114951305,-0.5787132257844894,0.5787132257844894,NA,NA,1
gene-LOC114951361,-0.6721068142897896,0.6721068142897896,NA,NA,1
gene-LOC114951437,0.05052424223657226,0.05052424223657226,NA,NA,1
gene-LOC114951502,-0.3277360708629334,0.3277360708629334,0.291193002064194,0.291193002064194,3
gene-LOC114951577,-0.42688573282172115,0.42688573282172115,0.02064389153951101,0.02064389153951101,2
gene-LOC114951602,-1.307216387177836,1.307216387177836,0.30877062785005033,0.30877062785005033,2
gene-LOC114951618,0.08260208651834791,0.08260208651834791,0.04002278069457986,0.04002278069457986,4
gene-LOC114951751,-0.01232087545774529,0.01232087545774529,NA,NA,1
gene-LOC114951763,-0.04247896622219616,0.04247896622219616,NA,NA,1
gene-LOC114951822,-0.6357723513944591,0.6357723513944591,0,0,2
gene-LOC114951853,-0.14906992202618796,0.19077953467979947,0.23052405565946243,0.18504419644513093,4
gene-LOC114951919,-0.5363228199844735,0.5363228199844735,0.22595663911812655,0.22595663911812655,2
gene-LOC114951935,-0.6721068142897896,0.6721068142897896,NA,NA,1
gene-LOC114951960,0.032314412976295115,0.032314412976295115,0.0071555202900322485,0.0071555202900322485,3
gene-LOC114952018,0.11267861169073357,0.11267861169073357,NA,NA,1
gene-LOC114952085,-0.4861462494759604,0.4861462494759604,0.09672011400368682,0.09672011400368682,2
gene-LOC114952104,-0.6486475042261048,0.6486475042261048,0.1135212687851488,0.1135212687851488,4
gene-LOC114952116,-0.02053515011677431,0.02053515011677431,NA,NA,1
gene-LOC114952121,-7.814416970472488e-4,0.0234461931495607,0.03315792433812789,0.0011051254461680667,2
gene-LOC114952127,-0.05796291267716591,0.05796291267716591,NA,NA,1
gene-LOC114952238,-0.12161461171700097,0.18418140951354547,0.260471847271049,0.1719890332729207,2
gene-LOC114952504,-0.043922921943983895,0.043922921943983895,0.02392514795410571,0.02392514795410571,2
gene-LOC114952507,-0.2953849131596472,0.2953849131596472,NA,NA,1
gene-LOC114952517,-0.11667344782613998,0.11667344782613998,NA,NA,1
gene-LOC114952520,0.03194110963353869,0.03194110963353869,NA,NA,1
gene-LOC114952527,0.04826923796524074,0.04826923796524074,NA,NA,1
gene-LOC114952528,-0.05851270777125306,0.05851270777125306,NA,NA,1
gene-LOC114952556,-0.22999624512143876,0.29413033021175616,0.4314961656436092,0.38190533762768764,6
gene-LOC114952571,0.15731877339540024,0.15731877339540024,NA,NA,1
gene-LOC114952580,0.04782649296006581,0.07338817664945119,0.10378655473548636,0.06763687498486642,2
gene-LOC114952581,0.04782649296006581,0.07338817664945119,0.10378655473548636,0.06763687498486642,2
gene-LOC114952622,-1.6747777697380009,1.6747777697380009,NA,NA,1
gene-LOC114952643,-0.01279474961995086,0.01279474961995086,NA,NA,1
gene-LOC114952666,-0.8786727648319512,0.8786727648319512,NA,NA,1
gene-LOC114952742,0.002448605072627627,0.07704420530097461,0.11371951926105567,0.0791270397484416,9
gene-LOC114952767,-1.5596947044283298,1.5596947044283298,NA,NA,1
gene-LOC114952769,-0.21463032611569788,0.21463032611569788,NA,NA,1
gene-LOC114952788,-0.00220976068482914,0.00220976068482914,NA,NA,1
gene-LOC114952797,0.07586061471119221,0.07586061471119221,NA,NA,1
gene-LOC114952819,4.419143977611511e-4,0.09536594767282562,0.14861237865140897,0.09979820057910964,4
gene-LOC114952830,-0.44300166406699054,0.44300166406699054,NA,NA,1
gene-LOC114952840,-0.12813583388836425,0.12813583388836425,NA,NA,1
gene-LOC114952851,-0.16780866563681782,0.16780866563681782,0.08361103758068869,0.08361103758068869,2
gene-LOC114952867,-0.11042361536751,0.11042361536751,NA,NA,1
gene-LOC114952897,0.14895844675648828,0.14895844675648828,NA,NA,1
gene-LOC114952908,-1.7092450666966468,1.7092450666966468,NA,NA,1
gene-LOC114952937,-0.04169366052188084,0.04169366052188084,NA,NA,1
gene-LOC114952955,0.016329632026465427,0.020735863746382695,0.029324939737654987,0.023093587080389454,2
gene-LOC114953031,-0.6757014331803715,0.6757014331803715,NA,NA,1
gene-LOC114953037,-1.172039412820013,1.172039412820013,NA,NA,1
gene-LOC114953052,-0.8195959671088777,0.8195959671088777,NA,NA,1
gene-LOC114953058,0.225552289616744,0.225552289616744,NA,NA,1
gene-LOC114953099,-0.5436532784141347,0.6223605487620573,0.5131811661904729,0.37548620298574303,4
gene-LOC114953108,0.09338414663461414,0.09338414663461414,NA,NA,1
gene-LOC114953128,-0.08775046696109812,0.08775046696109812,NA,NA,1
gene-LOC114953145,-0.05524993824241298,0.05524993824241298,NA,NA,1
gene-LOC114953190,-0.5921937114202098,0.5921937114202098,NA,NA,1
gene-LOC114953191,-0.7469088462053277,0.7469088462053277,NA,NA,1
gene-LOC114953194,0.06497947614410504,0.06497947614410504,NA,NA,1
gene-LOC114953213,-0.3858339373321746,0.3858339373321746,0.5083740340493983,0.5083740340493983,2
gene-LOC114953251,-0.26016014814785393,0.26016014814785393,NA,NA,1
gene-LOC114953252,-0.5145033078357368,0.5145033078357368,NA,NA,1
gene-LOC114953259,0.007671380306014386,0.029525165303538936,0.0417548892035723,0.010848970070887408,2
gene-LOC114953275,-1.6677626429487256,1.6677626429487256,NA,NA,1
gene-LOC114953287,-0.08775522371733907,0.08775522371733907,0.11051749591577853,0.11051749591577853,2
gene-LOC114953305,-0.07111957209608177,0.07111957209608177,NA,NA,1
gene-LOC114953391,0.17369185141562626,0.17369185141562626,NA,NA,1
gene-LOC114953400,0.017966829815523604,0.07425778929314336,0.10501637273020695,0.025408934397962775,2
gene-LOC114953435,-0.599877413857864,0.599877413857864,NA,NA,1
gene-LOC114953502,-0.1416595541778091,0.1416595541778091,NA,NA,1
gene-LOC114953510,-0.08981814407319251,0.23616316482787977,0.3459162266060611,0.2193158081494002,3
gene-LOC114953544,-0.7543024547974951,0.7543024547974951,0.6802247067754826,0.6802247067754826,4
gene-LOC114953574,-0.02080753481684139,0.02080753481684139,NA,NA,1
gene-LOC114953580,-0.437315696975523,0.4483270282291156,0.3102803577790922,0.2924834772461557,11
gene-LOC114953582,-0.09915741059157446,0.09915741059157446,NA,NA,1
gene-LOC114953663,-0.13328968863383714,0.15218209745007022,0.25022947791236516,0.23350571103079842,3
gene-LOC114953670,-0.9143294546231626,0.9143294546231626,NA,NA,1
gene-LOC114953679,0.04487657250055521,0.04487657250055521,NA,NA,1
gene-LOC114953694,0.01711451891146986,0.01711451891146986,NA,NA,1
gene-LOC114953701,-0.2817211003001635,0.2817211003001635,0.1368429735466702,0.1368429735466702,2
gene-LOC114953733,-0.1851530731791925,0.1851530731791925,NA,NA,1
gene-LOC114953734,-0.9367701857307684,0.9367701857307684,NA,NA,1
gene-LOC114953775,0.02912286370271433,0.02912286370271433,NA,NA,1
gene-LOC114953784,0.09166735991229086,0.09166735991229086,0.07434044401950038,0.07434044401950038,2
gene-LOC114953808,-0.6063727638845258,0.6063727638845258,0.6222992919353283,0.6222992919353283,4
gene-LOC114953882,-0.66456344317969,0.66456344317969,0.7202834444423926,0.7202834444423926,5
gene-LOC114953903,0.08919038680543467,0.08919038680543467,NA,NA,1
gene-LOC114953929,-0.08420340698267376,0.08420340698267376,0.07425552562337745,0.07425552562337745,2
gene-LOC114953960,0.05682269187797112,0.06667605963350037,0.09429418781929348,0.08035942150437428,2
gene-LOC114953987,0.13908891474445528,0.13908891474445528,NA,NA,1
gene-LOC114953990,-0.17735296613508644,0.18217611427282887,0.25763593154506537,0.2508149700353355,2
gene-LOC114954018,-0.1439016151975194,0.16656736377195833,0.2355618248950364,0.20350761585972624,2
gene-LOC114954019,-0.3967293201711992,0.3967293201711992,NA,NA,1
gene-LOC114954020,0.1113048619919873,0.1113048619919873,NA,NA,1
gene-LOC114954062,-0.0165603758607501,0.0165603758607501,NA,NA,1
gene-LOC114954071,0.01366057611351679,0.0557545103293795,0.0788487846712793,0.01931897200956539,2
gene-LOC114954072,0.06941508644289629,0.06941508644289629,NA,NA,1
gene-LOC114954123,0.2447055337383377,0.2447055337383377,NA,NA,1
gene-LOC114954254,0.1247114593209594,0.1247114593209594,NA,NA,1
gene-LOC114954267,-0.4594491947156326,0.4594491947156326,NA,NA,1
gene-LOC114954292,0.09244664296301139,0.10073279114985095,0.085927164059551,0.07486592722457858,10
gene-LOC114954373,0.0624548446575629,0.0624548446575629,NA,NA,1
gene-LOC114954398,-0.8699384266436481,0.8699384266436481,0.009987006913483023,0.009987006913483023,2
gene-LOC114954413,-1.329018943139323,1.329018943139323,NA,NA,1
gene-LOC114954446,-0.120447222590793,0.120447222590793,NA,NA,1
gene-LOC114954454,-0.9727085878151038,0.9727085878151038,0.1010695059264074,0.1010695059264074,2
gene-LOC114954478,-0.06188835203586185,0.06188835203586185,NA,NA,1
gene-LOC114954523,-0.004121742582770484,0.05014195848809482,0.06842419490929758,0.03677273623462463,4
gene-LOC114954524,-0.21493456741263792,0.21493456741263792,NA,NA,1
gene-LOC114954561,0.14039769903795918,0.14039769903795918,0.006102816937920787,0.006102816937920787,2
gene-LOC114954574,-0.5364385583517037,0.5364385583517037,NA,NA,1
gene-LOC114954605,-0.02808023402325421,0.02808023402325421,NA,NA,1
gene-LOC114954610,0.0528100195477218,0.0528100195477218,NA,NA,1
gene-LOC114954616,0.02016434787132437,0.02016434787132437,NA,NA,1
gene-LOC114954623,0.0535264307067658,0.13543543985875692,0.14595960392266885,0.025832147863157146,4
gene-LOC114954627,-0.15453935280456588,0.15453935280456588,NA,NA,1
gene-LOC114954638,-0.12517355547666198,0.16058168485042235,0.22709679658418946,0.17702213980555637,2
gene-LOC114954670,-0.7577687558550519,0.7577687558550519,NA,NA,1
gene-LOC114954707,-0.34251194516663686,0.34251194516663686,0.23514103060274716,0.23514103060274716,3
gene-LOC114954746,-0.7655266224391074,0.7655266224391074,NA,NA,1
gene-LOC114954755,0.1715477748296006,0.1715477748296006,NA,NA,1
gene-LOC114954783,0.1401509275689552,0.1401509275689552,NA,NA,1
gene-LOC114954785,0.11448295761440924,0.12321690106114419,0.1742550125942539,0.16190335131888176,2
gene-LOC114954806,-0.20948937114715885,0.21158309422773705,0.28793665329448503,0.28588815550484065,4
gene-LOC114954831,-0.24735609252568208,0.24735609252568208,NA,NA,1
gene-LOC114954841,-0.4829591649465903,0.4829591649465903,NA,NA,1
gene-LOC114954853,-0.9007326095411043,0.9007326095411043,NA,NA,1
gene-LOC114954854,-0.266509983195206,0.266509983195206,NA,NA,1
gene-LOC114954855,-0.2494500989719121,0.2797243507067106,0.3428364504012138,0.3163227383753978,12
gene-LOC114954872,-0.8245358896067703,0.8245358896067703,0.31234809587483864,0.31234809587483864,3
gene-LOC114954873,-0.4397018156552206,0.4397018156552206,NA,NA,1
gene-LOC114954897,-1.706038645654168,1.706038645654168,NA,NA,1
gene-LOC114954907,0.05985482140143194,0.05985482140143194,NA,NA,1
gene-LOC114954917,-0.05622030777848641,0.05622030777848641,NA,NA,1
gene-LOC114954933,-0.1922937554479094,0.30837119937533836,0.48395505787989906,0.38345617183408337,3
gene-LOC114954981,0.006564399793683673,0.09207251667053434,0.13021020179729256,0.009283463217066598,2
gene-LOC114955020,-0.12572834513521147,0.12572834513521147,NA,NA,1
gene-LOC114955045,-0.12572834513521147,0.12572834513521147,NA,NA,1
gene-LOC114955072,-0.2812121677119202,0.2812121677119202,NA,NA,1
gene-LOC114955084,0.09978722506018987,0.09978722506018987,NA,NA,1
gene-LOC114955090,-1.1855184634512028,1.1855184634512028,NA,NA,1
gene-LOC114955094,-0.5737986226169879,0.5737986226169879,NA,NA,1
gene-LOC114955190,-0.6270872851821118,0.6270872851821118,NA,NA,1
gene-LOC114955194,-0.02340418118395892,0.02340418118395892,0.009707656925614903,0.009707656925614903,2
gene-LOC114955219,0.08692055697185441,0.08692055697185441,NA,NA,1
gene-LOC114955239,-0.9262770703218401,0.9262770703218401,0.0017398885138103987,0.0017398885138103987,2
gene-LOC114955242,0.05446428785548229,0.05446428785548229,NA,NA,1
gene-LOC114955243,-1.3709798712309489,1.3709798712309489,NA,NA,1
gene-LOC114955255,0.02241891458907741,0.02241891458907741,NA,NA,1
gene-LOC114955300,0.018411700517159412,0.07893146340717855,0.11162594604838758,0.02603807657771857,2
gene-LOC114955315,-0.13164076117874618,0.16685744248123563,0.31165473374840474,0.2917444533964736,8
gene-LOC114955350,-0.00635023097980935,0.00635023097980935,NA,NA,1
gene-LOC114955403,-0.22337751475215384,0.2550539003962087,0.43808603658632517,0.41438235737615703,4
gene-LOC114955412,-0.3000749928410045,0.3848402255836204,0.5442462663670773,0.4243701246047579,2
gene-LOC114955437,-0.00469640750077859,0.00469640750077859,NA,NA,1
gene-LOC114955452,-0.2908931621579569,0.2920123743197622,0.5559185761890547,0.5551356621564857,4
gene-LOC114955458,0.0483994253834128,0.0483994253834128,NA,NA,1
gene-LOC114955476,0.06558715635592804,0.06558715635592804,NA,NA,1
gene-LOC114955489,-1.1410185325811313,1.1410185325811313,NA,NA,1
gene-LOC114955505,-0.1791904429568828,0.1791904429568828,NA,NA,1
gene-LOC114955509,0.08940260083102602,0.08940260083102602,NA,NA,1
gene-LOC114955513,-0.12605528701772062,0.12605528701772062,NA,NA,1
gene-LOC114955550,-9.287081210418436e-4,9.287081210418436e-4,NA,NA,1
gene-LOC114955645,-0.5119217623667701,0.5119217623667701,NA,NA,1
gene-LOC114955646,-0.6169100461847927,0.6169100461847927,NA,NA,1
gene-LOC114955657,-0.28668822924987813,0.28668822924987813,NA,NA,1
gene-LOC114955676,0.04645681944954786,0.04887071375309027,0.0756615005050696,0.0733450528299336,3
gene-LOC114955709,-0.5550150697096536,0.5550150697096536,NA,NA,1
gene-LOC114955736,-0.00508691204407996,0.00508691204407996,NA,NA,1
gene-LOC114955748,-0.07717952895960933,0.07717952895960933,NA,NA,1
gene-LOC114955772,-0.16417758502138635,0.16417758502138635,NA,NA,1
gene-LOC114955802,-0.4701085803045708,0.4701085803045708,0.13512006190374717,0.13512006190374717,3
gene-LOC114955891,-0.988644627242167,0.988644627242167,NA,NA,1
gene-LOC114955904,0.03796516003989314,0.03796516003989314,0.003327290170111776,0.003327290170111776,2
gene-LOC114955912,0.11203536600083996,0.11203536600083996,NA,NA,1
gene-LOC114955977,-0.22456147822649888,0.22456147822649888,NA,NA,1
gene-LOC114956039,-0.46591162345698284,0.46591162345698284,0.5144851527002868,0.5144851527002868,2
gene-LOC114956079,-0.10616383026129772,0.10616383026129772,NA,NA,1
gene-LOC114956111,-0.6449745936869221,0.6449745936869221,NA,NA,1
gene-LOC114956188,-1.5596009578535952,1.5596009578535952,NA,NA,1
gene-LOC114956197,-0.038973758782991,0.08796450952904747,0.11096047005960015,0.06340734314861282,4
gene-LOC114956221,0.23187919223832532,0.23187919223832532,NA,NA,1
gene-LOC114956251,-0.8321441695946499,0.8321441695946499,NA,NA,1
gene-LOC114956311,-0.14734128852382788,0.4182660822251697,0.5915175661634952,0.20837204852792465,2
gene-LOC114956332,-0.6454334573115281,0.6454334573115281,0.06572213092483843,0.06572213092483843,3
gene-LOC114956339,-0.3779899774145985,0.3779899774145985,NA,NA,1
gene-LOC114956379,-0.27279962224710785,0.27279962224710785,NA,NA,1
gene-LOC114956404,-0.4586432906546798,0.4586432906546798,0.22113157055679622,0.22113157055679622,6
gene-LOC114956421,-1.1896335838584966,1.1896335838584966,0.25438165573186605,0.25438165573186605,12
gene-LOC114956435,0.04346198953246139,0.04346198953246139,NA,NA,1
gene-LOC114956509,-0.7434182090902804,0.748368108978536,1.058352329364952,1.051352113810592,2
gene-LOC114956514,-0.7434182090902804,0.748368108978536,1.058352329364952,1.051352113810592,2
gene-LOC114956516,-0.07342936407939377,0.07342936407939377,0.05077735961856571,0.05077735961856571,2
gene-LOC114956522,-0.3575917272875436,0.3575917272875436,NA,NA,1
gene-LOC114956594,-0.35246854568380503,0.35246854568380503,NA,NA,1
gene-LOC114956599,0.1045983361661339,0.1045983361661339,NA,NA,1
gene-LOC114956604,-0.11182628160909767,0.11182628160909767,NA,NA,1
gene-LOC114956605,-0.017011568344751815,0.09325503066062957,0.13188252911978116,0.02405799067038484,2
gene-LOC114956657,-0.8348196614689586,0.8348196614689586,NA,NA,1
gene-LOC114956728,-0.49628364814381654,0.49628364814381654,NA,NA,1
gene-LOC114956776,0.1849988027303623,0.1849988027303623,NA,NA,1
gene-LOC114956777,-0.030008754057545217,0.0705666882922582,0.09979636763466626,0.042438786978099094,2
gene-LOC114956839,-1.0722147032709226,1.0722147032709226,0.7182965745299262,0.7182965745299262,7
gene-LOC114956855,-0.4731654663982975,0.4731654663982975,NA,NA,1
gene-LOC114956866,-0.007631021386243946,0.019361449081337186,0.02738122387802315,0.010791893939185325,2
gene-LOC114956938,0.05052424223657226,0.05052424223657226,NA,NA,1
gene-LOC114956960,-0.27211676109856164,0.27211676109856164,NA,NA,1
gene-LOC114956976,-0.23628340615303473,0.23628340615303473,NA,NA,1
gene-LOC114956995,-0.3656063611981323,0.3656063611981323,NA,NA,1
gene-LOC114957127,0.10590206921594349,0.10590206921594349,NA,NA,1
gene-LOC114957243,0.11626703215890856,0.11626703215890856,NA,NA,1
gene-LOC114957316,-0.6385360397667421,0.6385360397667421,0.43509398299135466,0.43509398299135466,2
gene-LOC114957319,0.2219765519871083,0.2219765519871083,NA,NA,1
gene-LOC114957363,-1.4979617310138538,1.4979617310138538,NA,NA,1
gene-LOC114957390,-1.797815658246106,1.797815658246106,NA,NA,1
gene-LOC114957488,0.01888008793984447,0.02828743975744935,0.040004480949796764,0.026700476423324758,2
gene-LOC114957513,0.1593374006921542,0.1593374006921542,NA,NA,1
gene-LOC114957528,-0.15345353579065532,0.27468521020312187,0.2966492487965104,0.1007214536482419,3
gene-LOC114957540,-0.6340153888495577,0.6340153888495577,0.41239404874519364,0.41239404874519364,3
gene-LOC114957541,-0.9149417317308666,0.9149417317308666,NA,NA,1
gene-LOC114957546,-0.3667892226012027,0.3667892226012027,NA,NA,1
gene-LOC114957563,-0.34082167464101537,0.479867158577899,0.6786346437983055,0.4819946346280343,2
gene-LOC114957584,0.07845444470222218,0.07845444470222218,NA,NA,1
gene-LOC114957626,-0.8271805329485672,0.8271805329485672,0.01578952632789196,0.01578952632789196,2
gene-LOC114957690,0.07448604818368143,0.08840707307420537,0.08259669718178755,0.05848722588780091,3
gene-LOC114957692,-0.3321195907454557,0.3321195907454557,NA,NA,1
gene-LOC114957702,-1.2730441881723535,1.2730441881723535,NA,NA,1
gene-LOC114957732,-0.03245939831110345,0.06043893018404223,0.08547355476159314,0.04590452131803283,2
gene-LOC114957745,-0.0828538658631196,0.0828538658631196,NA,NA,1
gene-LOC114957758,0.06226451075872907,0.06226451075872907,NA,NA,1
gene-LOC114957806,-0.6543235925345142,0.6543235925345142,NA,NA,1
gene-LOC114957846,0.2212522683160496,0.2212522683160496,NA,NA,1
gene-LOC114957857,-0.15273126433115514,0.15273126433115514,NA,NA,1
gene-LOC114957860,-0.04544798815288317,0.07687011357824466,0.10379880090191837,0.07077392858316298,3
gene-LOC114957918,-0.09326267077330597,0.09326267077330597,NA,NA,1
gene-LOC114957950,0.1864884868596166,0.1864884868596166,NA,NA,1
gene-LOC114957971,-0.21693236386032091,0.21693236386032091,0.33622822413187886,0.33622822413187886,3
gene-LOC114957989,-0.7099599919061396,0.7099599919061396,NA,NA,1
gene-LOC114958008,-0.13719152100593335,0.13719152100593335,NA,NA,1
gene-LOC114958009,-0.010823250273126417,0.12636827073280693,0.17871172232397062,0.015306387325213684,2
gene-LOC114958015,-0.02113773226715909,0.02113773226715909,NA,NA,1
gene-LOC114958028,0.01170133617305491,0.01170133617305491,NA,NA,1
gene-LOC114958200,-0.7348842353087656,0.7348842353087656,0.8868479827622391,0.8868479827622391,3
gene-LOC114958201,-0.02431677908462815,0.02431677908462815,NA,NA,1
gene-LOC114958215,0.07261555373706124,0.07261555373706124,0.018414691778023868,0.018414691778023868,2
gene-LOC114958222,-0.668744389127057,0.668744389127057,NA,NA,1
gene-LOC114958237,-0.3749784774501096,0.3981166419696903,0.5630219544799698,0.5302996484079587,2
gene-LOC114958257,-0.1844095568330446,0.1844095568330446,NA,NA,1
gene-LOC114958285,0.01078173546059125,0.04029162237809125,0.05698095881711194,0.015247676514287073,2
gene-LOC114958289,0.01078173546059125,0.04029162237809125,0.05698095881711194,0.015247676514287073,2
gene-LOC114958341,-0.109967922994613,0.11276460473672482,0.1604917447785786,0.15755390236852734,3
gene-LOC114958343,-0.5987422166447647,0.5987422166447647,NA,NA,1
gene-LOC114958387,-0.8569295384297465,0.8569295384297465,NA,NA,1
gene-LOC114958388,-0.8437802940773641,0.8437802940773641,NA,NA,1
gene-LOC114958500,-1.1227504588185788,1.1227504588185788,0.8936828458768131,0.8936828458768131,3
gene-LOC114958537,-0.04153283668637925,0.04153283668637925,0.014593653591341842,0.014593653591341842,2
gene-LOC114958610,-0.14878050906860363,0.24193318084312607,0.43722647596292735,0.3816699636338448,5
gene-LOC114958623,-0.887092659255109,0.887092659255109,NA,NA,1
gene-LOC114958625,-0.20006167831323243,0.20006167831323243,0.15382715688932752,0.15382715688932752,3
gene-LOC114958660,-0.3310185422574826,0.3310185422574826,NA,NA,1
gene-LOC114958661,-0.3208391056578684,0.3208391056578684,NA,NA,1
gene-LOC114958680,-0.8263510564628596,0.8263510564628596,NA,NA,1
gene-LOC114958688,-0.16527706152821264,0.16527706152821264,NA,NA,1
gene-LOC114958727,-0.08000693510571677,0.09010013862385985,0.10473157743369704,0.09316367080777409,4
gene-LOC114958749,-1.615723986202146,1.615723986202146,0.21018686232964753,0.21018686232964753,2
gene-LOC114958829,-0.16635842713025817,0.16635842713025817,0.111329408956587,0.111329408956587,2
gene-LOC114958907,0.22475111467218417,0.22475111467218417,0.06649434053484904,0.06649434053484904,2
gene-LOC114958922,-0.15306344964645868,0.15306344964645868,0.2009358040257282,0.2009358040257282,2
gene-LOC114959010,-0.7279636140819706,0.7279636140819706,0.09998466462689888,0.09998466462689888,4
gene-LOC114959035,0.03670083744583652,0.03670083744583652,NA,NA,1
gene-LOC114959119,-0.03350837195710543,0.03350837195710543,NA,NA,1
gene-LOC114959120,-0.03350837195710543,0.03350837195710543,NA,NA,1
gene-LOC114959224,-0.4260179789420653,0.5238184745018969,0.8671130226700462,0.7826514424139046,3
gene-LOC114959245,-0.15665594395515126,0.15665594395515126,NA,NA,1
gene-LOC114959282,-0.7548966422114711,0.7548966422114711,NA,NA,1
gene-LOC114959327,-0.6933040572293697,0.6933040572293697,0.035355120225752566,0.035355120225752566,3
gene-LOC114959401,-0.1053872899536904,0.1053872899536904,0.04933021489894697,0.04933021489894697,2
gene-LOC114959420,-0.01389317062083994,0.01389317062083994,NA,NA,1
gene-LOC114959469,-0.6504014919937731,0.6504014919937731,NA,NA,1
gene-LOC114959471,-0.01305821033004306,0.01305821033004306,NA,NA,1
gene-LOC114959475,0.156898265848175,0.156898265848175,NA,NA,1
gene-LOC114959555,0.01777741705228697,0.01777741705228697,NA,NA,1
gene-LOC114959589,-0.02810208218625332,0.02810208218625332,NA,NA,1
gene-LOC114959593,-0.11282465830114496,0.11282465830114496,NA,NA,1
gene-LOC114959614,0.14247400772962082,0.14247400772962082,NA,NA,1
gene-LOC114959649,0.02578126362091548,0.02578126362091548,NA,NA,1
gene-LOC114959727,-0.3967764964982551,0.4429738805239424,0.6264596696139983,0.5611267025787132,2
gene-LOC114959734,-0.06291423121849637,0.06291423121849637,NA,NA,1
gene-LOC114959738,-0.3967764964982551,0.4429738805239424,0.6264596696139983,0.5611267025787132,2
gene-LOC114959763,-0.03188387183760655,0.03188387183760655,NA,NA,1
gene-LOC114959777,-0.13615792329408438,0.13615792329408438,NA,NA,1
gene-LOC114959782,-0.12944551500324286,0.20800629540952853,0.29416532402713974,0.18306360290595602,2
gene-LOC114959820,-0.5170477543606371,0.5170477543606371,NA,NA,1
gene-LOC114959841,-0.870611575394708,0.870611575394708,NA,NA,1
gene-LOC114959892,-0.11901253243073018,0.11901253243073018,NA,NA,1
gene-LOC114959964,-0.03298161282226286,0.03298161282226286,NA,NA,1
gene-LOC114959968,-0.09448012907093167,0.12269414482139346,0.17351572363018328,0.1336150799068721,2
gene-LOC114959976,-0.5715344067081737,0.5715344067081737,0.16383265071943592,0.16383265071943592,2
gene-LOC114960061,-1.3110737361611615,1.3110737361611615,NA,NA,1
gene-LOC114960105,0.053353323468009584,0.053353323468009584,0.02998842538145621,0.02998842538145621,2
gene-LOC114960163,-0.682872184634193,0.682872184634193,NA,NA,1
gene-LOC114960170,-0.1562463831133737,0.1562463831133737,NA,NA,1
gene-LOC114960304,-0.10009398123348329,0.10009398123348329,0.03268282639289046,0.03268282639289046,2
gene-LOC114960336,-1.3597436035495125e-4,1.3597436035495125e-4,NA,NA,1
gene-LOC114960340,0.03294961308453315,0.1659475664380761,0.22567502752713117,0.10606526925870947,3
gene-LOC114960349,-0.03953357321481432,0.03953357321481432,NA,NA,1
gene-LOC114960389,-0.23456846496951567,0.23456846496951567,NA,NA,1
gene-LOC114960423,-0.15342918979449682,0.2747744035094476,0.38858968803603816,0.21698164107129309,2
gene-LOC114960436,0.0522115082074257,0.0522115082074257,NA,NA,1
gene-LOC114960454,-0.19190632969376456,0.21025357679440862,0.29734345984010574,0.27139653415816445,2
gene-LOC114960574,-0.3432064701072658,0.4011826322592404,0.5759183351704769,0.5361879913524686,43
gene-LOC114960592,-1.1243105826827775,1.1605795794381257,0.6094591251051483,0.5294173060167316,11
gene-LOC114960611,0.21018554714845206,0.21018554714845206,0.1514241072401399,0.1514241072401399,2
gene-LOC114960648,0.08328102274470461,0.08328102274470461,NA,NA,1
gene-LOC114960674,-0.07995628225778828,0.07995628225778828,NA,NA,1
gene-LOC114960751,-1.1269144803860676,1.1269144803860676,0.7297059995787272,0.7297059995787272,7
gene-LOC114960770,-1.0385888948736743,1.0385888948736743,0.17944297550573896,0.17944297550573896,2
gene-LOC114960771,-1.0385888948736743,1.0385888948736743,0.17944297550573896,0.17944297550573896,2
gene-LOC114960823,-0.28746503586183864,0.3607708789589965,0.3551790764391644,0.2342497725665485,3
gene-LOC114960860,-0.5616713875344517,0.5616713875344517,NA,NA,1
gene-LOC114960864,0.04775532540529736,0.04775532540529736,NA,NA,1
gene-LOC114960913,-1.040820004360492,1.040820004360492,NA,NA,1
gene-LOC114960940,-0.530342522299804,0.530342522299804,0.3494486863673642,0.3494486863673642,2
gene-LOC114960943,-0.7200075297435,0.7200075297435,NA,NA,1
gene-LOC114960998,-0.7445274628462066,0.7445274628462066,0.5075462209869406,0.5075462209869406,3
gene-LOC114961062,0.19376446589450724,0.19376446589450724,NA,NA,1
gene-LOC114961101,0.10194765868880962,0.10194765868880962,NA,NA,1
gene-LOC114961113,-0.3642897986521922,0.3642897986521922,NA,NA,1
gene-LOC114961173,-0.16188557195553754,0.16188557195553754,NA,NA,1
gene-LOC114961188,-1.126093689288673,1.126093689288673,NA,NA,1
gene-LOC114961196,0.19441684725015615,0.19441684725015615,NA,NA,1
gene-LOC114961201,-1.073977423531821,1.073977423531821,NA,NA,1
gene-LOC114961246,0.1409631110829196,0.1409631110829196,NA,NA,1
gene-LOC114961267,-0.8721558087279304,0.8721558087279304,NA,NA,1
gene-LOC114961283,-0.3719210752260359,0.38693449938589586,0.5472080167815779,0.5259758287170441,2
gene-LOC114961302,0.045955410128813656,0.045955410128813656,0.041129118394767586,0.041129118394767586,2
gene-LOC114961308,-1.484683641630557,1.484683641630557,NA,NA,1
gene-LOC114961314,-0.6345728344232415,0.6345728344232415,0.6363557711416152,0.6363557711416152,2
gene-LOC114961331,-0.03994576761960988,0.03994576761960988,NA,NA,1
gene-LOC114961361,-0.3616246322324713,0.3616246322324713,0.4858647398273073,0.4858647398273073,2
gene-LOC114961385,-0.7499915032870252,0.7499915032870252,0.07060991649346784,0.07060991649346784,2
gene-LOC114961392,-0.5408729103791672,0.5408729103791672,0.10515079426577631,0.10515079426577631,2
gene-LOC114961422,-0.9336946524968108,0.9336946524968108,NA,NA,1
gene-LOC114961450,-0.08547018480396301,0.08547018480396301,0.11925422073247138,0.11925422073247138,2
gene-LOC114961456,-0.6759724443544454,0.6759724443544454,NA,NA,1
gene-LOC114961459,-1.0241886950310377,1.0241886950310377,NA,NA,1
gene-LOC114961477,-0.2805843003161511,0.34324913168193566,0.43828221051937316,0.37845181336218314,5
gene-LOC114961480,0.07981254531858972,0.07981254531858972,0.03632829685321358,0.03632829685321358,4
gene-LOC114961521,0.014439355410800714,0.10570357216204479,0.14948742534284687,0.0204203322538797,2
gene-LOC114961556,0.23348023017704256,0.23348023017704256,0.014671542353153185,0.014671542353153185,2
gene-LOC114961618,0.015701546108925934,0.025761461287945424,0.03643220793996188,0.022205339457469556,2
gene-LOC114961644,-0.6235040476893192,0.6235040476893192,NA,NA,1
gene-LOC114961683,-0.8888931792147619,0.8888931792147619,NA,NA,1
gene-LOC114961691,0.08539854813427228,0.08539854813427228,NA,NA,1
gene-LOC114961694,-0.07199509567667606,0.07199509567667606,0.01077292212606073,0.01077292212606073,2
gene-LOC114961723,-0.6590927291373065,0.6590927291373065,0.30393538378734286,0.30393538378734286,2
gene-LOC114961731,-0.7836176389438642,0.7836176389438642,NA,NA,1
gene-LOC114961819,-0.6197864313830981,0.6197864313830981,NA,NA,1
gene-LOC114961832,-0.03224527059532078,0.03224527059532078,NA,NA,1
gene-LOC114961834,-0.058318937247531455,0.058318937247531455,0.016931774029534476,0.016931774029534476,2
gene-LOC114961882,-0.25132346942090694,0.25132346942090694,0.18756916918210303,0.18756916918210303,3
gene-LOC114961884,0.21201417467253947,0.21201417467253947,NA,NA,1
gene-LOC114961908,-0.677848266129298,0.677848266129298,0.41767251140156836,0.41767251140156836,2
gene-LOC114961909,0.10585553733418118,0.10585553733418118,NA,NA,1
gene-LOC114961942,0.12714661272239092,0.12714661272239092,NA,NA,1
gene-LOC114961943,-0.07516534571380651,0.07819437723218803,0.11058354878307826,0.10629985132892757,2
gene-LOC114961948,0.1852198256949323,0.1852198256949323,NA,NA,1
gene-LOC114961970,-0.38357550693979897,0.4390845612129552,0.6209593414960006,0.542457684108399,2
gene-LOC114961973,-0.003743130791009037,0.05996314027990716,0.08320652245561255,0.03938241527626918,3
gene-LOC114962007,-1.1320761493368623,1.1320761493368623,NA,NA,1
gene-LOC114962020,0.00583601968034153,0.00583601968034153,NA,NA,1
gene-LOC114962045,0.0639622854157364,0.0882689811680239,0.12483119030467471,0.09045633151531324,2
gene-LOC114962046,0.19600078829991507,0.19600078829991507,NA,NA,1
gene-LOC114962200,-0.4430108021850112,0.4430108021850112,NA,NA,1
gene-LOC114962207,-0.12450223883384767,0.20092134487039107,0.20257199866749387,0.11231287148593468,8
gene-LOC114962227,0.1387047534910113,0.1387047534910113,NA,NA,1
gene-LOC114962258,-0.2199958279819415,0.4017827696128812,0.5682066419143612,0.31112108359756013,2
gene-LOC114962275,-0.854704487307663,0.854704487307663,0.0780092466018824,0.0780092466018824,3
gene-LOC114962291,-0.840489468600604,0.840489468600604,0.7618190626807314,0.7618190626807314,3
gene-LOC114962332,0.016527378162620142,0.03899536709332695,0.057931617155486906,0.038533694703860075,3
gene-LOC114962367,0.21871069739448237,0.21871069739448237,NA,NA,1
gene-LOC114962371,-0.30933311100924643,0.30933311100924643,0.06660884915022262,0.06660884915022262,2
gene-LOC114962393,-0.9266193586064632,0.9266193586064632,1.101850772212496,1.101850772212496,2
gene-LOC114962471,-1.5309833535070014,1.5309833535070014,NA,NA,1
gene-LOC114962558,-0.3542029219874108,0.3542029219874108,NA,NA,1
gene-LOC114962582,-0.3594590990489549,0.3594590990489549,NA,NA,1
gene-LOC114962587,-0.7849681892655744,0.7849681892655744,NA,NA,1
gene-LOC114962681,-0.5378500494217946,0.5378500494217946,0.3191940849831775,0.3191940849831775,3
gene-LOC114962730,-0.1704250855683887,0.20535326080983768,0.2904133665148118,0.24101746737941054,2
gene-LOC114962741,-0.01801374943885792,0.040069212426392276,0.0566664236470125,0.025475288765623605,2
gene-LOC114962755,-1.0780694109949511,1.0780694109949511,NA,NA,1
gene-LOC114962815,-0.3799192563816132,0.3799192563816132,NA,NA,1
gene-LOC114962844,0.07457084964836669,0.07457084964836669,NA,NA,1
gene-LOC114962846,-0.8099127338623382,0.8099127338623382,NA,NA,1
gene-LOC114962848,0.11436701735960277,0.11436701735960277,NA,NA,1
gene-LOC114962857,-0.10056699198007756,0.10056699198007756,NA,NA,1
gene-LOC114962860,-0.20009383375531925,0.20009383375531925,0.042614443785117556,0.042614443785117556,2
gene-LOC114962906,-0.8150202108073267,0.8150202108073267,NA,NA,1
gene-LOC114962971,-0.8975990116633903,0.8975990116633903,NA,NA,1
gene-LOC114963074,-0.6049357400502282,0.6049357400502282,0.2592753737610387,0.2592753737610387,2
gene-LOC114963142,0.04921911319048155,0.04921911319048155,NA,NA,1
gene-LOC114963205,-0.4208208075443324,0.4208208075443324,NA,NA,1
gene-LOC114963215,-0.8456559268037029,0.8456559268037029,1.0541962207156086,1.0541962207156086,2
gene-LOC114963231,-0.0493457140184147,0.0493457140184147,NA,NA,1
gene-LOC114963241,0.01712448128664701,0.15491762793382344,0.22910426311163284,0.1617050244977153,10
gene-LOC114963270,-0.06063055963645258,0.06063055963645258,NA,NA,1
gene-LOC114963283,-0.14452932839250932,0.14452932839250932,NA,NA,1
gene-LOC114963310,-0.7577687558550519,0.7577687558550519,NA,NA,1
gene-LOC114963400,-0.9691766318881301,0.9691766318881301,1.14173870046386,1.14173870046386,2
gene-LOC114963408,-0.5297772728322244,0.5297772728322244,NA,NA,1
gene-LOC114963509,-0.13161845096184965,0.13161845096184965,NA,NA,1
gene-LOC114963640,-0.5027646523986882,0.5501375660858538,0.7780120071295393,0.7110165901040197,2
gene-LOC114963644,-0.6235749108779074,0.6235749108779074,NA,NA,1
gene-LOC114963684,0.1572018694001196,0.1572018694001196,NA,NA,1
gene-LOC114963687,-0.055475045820913095,0.06707445843587082,0.08476379570109667,0.07558194796355795,29
gene-LOC114963689,-0.2870496987996671,0.30948811930816755,0.31009171370762756,0.2857552401920433,13
gene-LOC114963690,-0.8959453231781015,0.8959453231781015,NA,NA,1
gene-LOC114963694,-0.04342084998770812,0.04342084998770812,NA,NA,1
gene-LOC114963723,0.21904989614378376,0.21904989614378376,NA,NA,1
gene-LOC114963737,-0.6773752048526346,0.6773752048526346,NA,NA,1
gene-LOC114963781,-0.32383622212893864,0.32383622212893864,0.06042322340989521,0.06042322340989521,2
gene-LOC114963800,-0.5750881525549525,0.5750881525549525,0.476697790127184,0.476697790127184,2
gene-LOC114963812,-0.1496746257715318,0.1496746257715318,NA,NA,1
gene-LOC114963816,-0.0904183113761906,0.0904183113761906,NA,NA,1
gene-LOC114963838,-0.5798065486398494,0.5798065486398494,NA,NA,1
gene-LOC114963845,-0.6127075327987848,0.6127075327987848,NA,NA,1
gene-LOC114963853,-0.22475105355982405,0.39524247453687955,0.5589572679159578,0.31784598810194503,2
gene-LOC114963893,0.06043284008358407,0.06043284008358407,0.040488274249573776,0.040488274249573776,2
gene-LOC114963907,0.17350357084500043,0.17350357084500043,NA,NA,1
gene-LOC114963908,0.0163592627637304,0.01748170228011275,0.024722860457904113,0.023135491270892695,2
gene-LOC114963921,-0.08930081820309177,0.08930081820309177,NA,NA,1
gene-LOC114963934,-0.2558126468353618,0.2558126468353618,0.21090346402132804,0.21090346402132804,2
gene-LOC114963960,-0.31538142236445016,0.31538142236445016,NA,NA,1
gene-LOC114963979,-0.12558075442197483,0.22193709478004672,0.2948318899352828,0.20561723122959308,4
gene-LOC114963984,-0.3116884117549552,0.3116884117549552,NA,NA,1
gene-LOC114963986,-0.35597065731896305,0.35597065731896305,NA,NA,1
gene-LOC114964001,-0.3730972428880927,0.3730972428880927,0.5115124729664839,0.5115124729664839,2
gene-LOC114964015,0.05721171412256798,0.05721171412256798,NA,NA,1
gene-LOC114964029,-0.109890962907228,0.109890962907228,NA,NA,1
gene-LOC114964031,-0.12456399295463477,0.12456399295463477,0.0257181756057437,0.0257181756057437,2
gene-LOC114964033,0.05043800189889813,0.05043800189889813,NA,NA,1
gene-LOC114964131,-0.5782037424634581,0.5782037424634581,NA,NA,1
gene-LOC114964202,-0.7619601754185,0.7619601754185,NA,NA,1
gene-LOC114964208,0.01085068444406855,0.01085068444406855,NA,NA,1
gene-LOC114964231,-0.04156843804940025,0.04156843804940025,0.04099932596677788,0.04099932596677788,2
gene-LOC114964239,-0.2293532873080459,0.2293532873080459,NA,NA,1
gene-LOC114964323,-0.00339053161916413,0.00339053161916413,NA,NA,1
gene-LOC114964391,-0.25463640035844665,0.2779031292901006,0.33497881069146096,0.3093383257373195,4
gene-LOC114964409,0.1861234317386291,0.1861234317386291,NA,NA,1
gene-LOC114964446,-0.02369614383202323,0.11047566716010515,0.15623618681003665,0.03351140798319082,2
gene-LOC114964474,-0.02369614383202323,0.11047566716010515,0.15623618681003665,0.03351140798319082,2
gene-LOC114964537,-0.39057865297835465,0.39057865297835465,NA,NA,1
gene-LOC114964552,-0.621336766497227,0.621336766497227,NA,NA,1
gene-LOC114964627,-0.7094929780083739,0.7094929780083739,NA,NA,1
gene-LOC114964648,0.09324811231925623,0.09324811231925623,0.005436195314948576,0.005436195314948576,2
gene-LOC114964677,-0.817394480561148,0.817394480561148,NA,NA,1
gene-LOC114964765,0.06998755274482793,0.06998755274482793,NA,NA,1
gene-LOC114964790,-0.0024990573887712,0.0024990573887712,NA,NA,1
gene-LOC114964795,0.01018211318870021,0.01018211318870021,NA,NA,1
gene-LOC114964799,-0.12996523460521003,0.12996523460521003,NA,NA,1
gene-LOC114964833,-0.1841609530703322,0.1841609530703322,NA,NA,1
gene-LOC114964861,0.06463547174151918,0.06463547174151918,NA,NA,1
gene-LOC114964868,0.008908847347501025,0.025287712717860955,0.03576222628699356,0.012599012743947523,2
gene-LOC114964870,-1.371631489276377,1.371631489276377,NA,NA,1
gene-LOC114964876,-1.371631489276377,1.371631489276377,NA,NA,1
gene-LOC114964882,-0.5420841346223777,0.5420841346223777,0.162336174445068,0.162336174445068,2
gene-LOC114964911,0.00384794552827538,0.00384794552827538,NA,NA,1
gene-LOC114964925,-0.02908918883038236,0.02908918883038236,NA,NA,1
gene-LOC114964939,-0.2603131217711443,0.2603131217711443,NA,NA,1
gene-LOC114964966,0.10548299023057811,0.10548299023057811,0.09258817219063241,0.09258817219063241,2
gene-LOC114965033,-0.6913217710998186,0.6913217710998186,NA,NA,1
gene-LOC114965063,-0.1841609530703322,0.1841609530703322,NA,NA,1
gene-LOC114965069,-0.21670907775349924,0.21670907775349924,NA,NA,1
gene-LOC114965072,-0.01737171220121219,0.07558098606070002,0.1068876555445738,0.024567310996596453,2
gene-LOC114965083,-0.510463705480802,0.592748831098453,0.48568070960705734,0.3388929656158311,4
gene-LOC114965084,-0.04510946541872074,0.04510946541872074,NA,NA,1
gene-LOC114965162,-0.7231354111566444,0.7231354111566444,NA,NA,1
gene-LOC114965172,-0.8899256265567216,0.8899256265567216,NA,NA,1
gene-LOC114965206,0.02716477466403744,0.02716477466403744,NA,NA,1
gene-LOC114965207,-0.09752385996378828,0.14130517592799235,0.15481871064570762,0.11385189837723433,20
gene-LOC114965210,-0.27526669775359697,0.3534531113720249,0.5792196402025487,0.51162424788782,3
gene-LOC114965234,-0.10845880668979369,0.10845880668979369,NA,NA,1
gene-LOC114965239,-0.8460068114108473,0.8460068114108473,NA,NA,1
gene-LOC114965240,-0.922692470977999,0.922692470977999,NA,NA,1
gene-LOC114965242,-0.4377508991698724,0.4377508991698724,0.023692709689017814,0.023692709689017814,2
gene-LOC114965369,0.17662622827856722,0.17662622827856722,NA,NA,1
gene-LOC114965379,0.03350722972404729,0.03350722972404729,NA,NA,1
gene-LOC114965500,-0.9152394254698676,0.9152394254698676,NA,NA,1
gene-LOC114965517,-0.45880631691589235,0.5658030406903236,0.536664458706699,0.3515166775847481,3
gene-LOC114965527,-0.3063585723677585,0.30911758367693193,0.4371582792039172,0.43325644799174334,2
gene-LOC114965536,-0.03443840525028596,0.03443840525028596,NA,NA,1
gene-LOC114965617,-0.9946666884337818,0.9946666884337818,NA,NA,1
gene-LOC114965662,-0.37261602446202335,0.37261602446202335,NA,NA,1
gene-LOC114965667,0.02303667995613641,0.11475419623690923,0.14710443462977335,0.08615188994354936,9
gene-LOC114965751,0.01170318654802193,0.01170318654802193,NA,NA,1
gene-LOC114965756,-1.4245584844195789,1.4245584844195789,NA,NA,1
gene-LOC114965810,-0.6341465351417114,0.6341465351417114,NA,NA,1
gene-LOC114965837,0.026156724963077305,0.026156724963077305,7.283485632265811e-4,7.283485632265811e-4,2
gene-LOC114965875,-0.8918221147450808,0.8918221147450808,NA,NA,1
gene-LOC114965882,-0.5535801057633828,0.5535801057633828,NA,NA,1
gene-LOC114965939,-0.05790835677679618,0.05790835677679618,NA,NA,1
gene-LOC114966030,-0.04121346826849588,0.04121346826849588,0.03679233460513623,0.03679233460513623,3
gene-LOC114966063,-0.4788020419477885,0.4788020419477885,NA,NA,1
gene-LOC114966065,0.12825279822878832,0.12825279822878832,NA,NA,1
gene-LOC114966080,0.00130200685618575,0.00130200685618575,NA,NA,1
gene-LOC114966083,-0.07314606766603132,0.07314606766603132,0.0072281038619435405,0.0072281038619435405,2
gene-LOC114966092,-0.13090257080619497,0.15825407400458233,0.2038320764789127,0.1722910678434605,3
gene-LOC114966121,-0.23879749878247286,0.2635289215569896,0.3526588038909902,0.32990782518991996,5
gene-LOC114966218,-0.12574270566596102,0.12574270566596102,NA,NA,1
gene-LOC114966341,-1.6854489199953373,1.6854489199953373,NA,NA,1
gene-LOC114966342,-0.05102884100635263,0.05102884100635263,NA,NA,1
gene-LOC114966390,-0.867764019328805,0.8933377394911854,1.2633703469681574,1.2272036450741846,2
gene-LOC114966556,-0.6028957515090079,0.6028957515090079,NA,NA,1
gene-LOC114966590,-0.03950393318607911,0.05177835344566103,0.07799894417322042,0.06635645838633016,3
gene-LOC114966711,-0.35691495100352444,0.3689166611401925,0.6265711649221459,0.6160556742587685,3
gene-LOC114966715,-0.6924187543546267,0.6924187543546267,NA,NA,1
gene-LOC114966719,-0.01463450486359529,0.01463450486359529,NA,NA,1
gene-LOC114966755,0.12857541474616313,0.12857541474616313,0.010156416001482468,0.010156416001482468,2
gene-LOC114966824,-0.47867705016645534,0.47867705016645534,NA,NA,1
gene-LOC114966836,-0.40987145084711785,0.40987145084711785,0.2818953704532576,0.2818953704532576,4
gene-LOC114966919,-0.29649423665774377,0.29649423665774377,NA,NA,1
gene-LOC114966926,0.02514453668997163,0.02514453668997163,NA,NA,1
gene-LOC114966940,-0.05585089690216405,0.056384551322378296,0.07973979718842922,0.07898509586974188,2
gene-LOC114966983,-0.7897282841872579,0.7897282841872579,NA,NA,1
gene-LOC114967041,-0.11173568293679426,0.11173568293679426,NA,NA,1
gene-LOC114967066,-0.26084216353767115,0.2959868784375993,0.43006225683798116,0.40426103823585885,11
gene-LOC114967069,-0.8549220167148853,0.8549220167148853,0.2933320961748236,0.2933320961748236,2
gene-LOC114967074,-0.02093771815809242,0.02093771815809242,NA,NA,1
gene-LOC114967096,-0.8722284369979221,0.8722284369979221,NA,NA,1
gene-LOC114967154,0.0627329248033045,0.0627329248033045,NA,NA,1
gene-LOC114967187,-0.3210137353862921,0.3210137353862921,0.16159523376461965,0.16159523376461965,2
gene-LOC114967197,-0.3922959754135392,0.3922959754135392,0.04825473969249295,0.04825473969249295,2
gene-LOC114967227,-0.010938467029410592,0.08701562240323046,0.12305867334098465,0.015469328424563401,2
gene-LOC114967245,-0.16332185231223623,0.16332185231223623,0.11546584719600933,0.11546584719600933,2
gene-LOC114967250,-0.04896470023695232,0.04896470023695232,NA,NA,1
gene-LOC114967267,-0.1242891763355285,0.1242891763355285,NA,NA,1
gene-LOC114967351,0.11230876812393113,0.11230876812393113,0.03756344645238356,0.03756344645238356,3
gene-LOC114967498,-0.014304591793164123,0.07105898975611417,0.10582254255771452,0.07447276048858673,7
gene-LOC114967511,-0.7724251039124339,0.7724251039124339,NA,NA,1
gene-LOC114967514,0.12517252464561024,0.12517252464561024,NA,NA,1
gene-LOC114967563,-0.33458494540449313,0.33458494540449313,NA,NA,1
gene-LOC114967576,-0.05900770398449651,0.05900770398449651,NA,NA,1
gene-LOC114967591,-0.785078136081867,0.785078136081867,0.14730940155754316,0.14730940155754316,7
gene-LOC114967611,0.04801024583319424,0.04801024583319424,NA,NA,1
gene-LOC114967619,-0.4177169839897773,0.4177169839897773,NA,NA,1
gene-LOC114967727,-0.05686393773279163,0.05686393773279163,NA,NA,1
gene-LOC114967756,0.03595002306099582,0.03595002306099582,NA,NA,1
gene-LOC114967760,-1.159257619977714,1.159257619977714,0.4054881435809389,0.4054881435809389,2
gene-LOC114967761,-0.21924718782597044,0.2644243790585806,0.373952543086729,0.31006234653564874,2
gene-LOC114967791,-0.27522692171131613,0.27522692171131613,0.0911377809524214,0.0911377809524214,2
gene-LOC114967823,-0.2340794263193624,0.2340794263193624,NA,NA,1
gene-LOC114967886,-1.4467788646387731,1.4467788646387731,NA,NA,1
gene-LOC114967904,-1.4467788646387731,1.4467788646387731,NA,NA,1
gene-LOC114967956,-0.039091571139382,0.039091571139382,NA,NA,1
gene-LOC114968003,-0.14455790157222706,0.26650888291529223,0.4185222505387373,0.3161738090786818,3
gene-LOC114968005,0.11781606614064488,0.11781606614064488,0.051226020741101115,0.051226020741101115,2
gene-LOC114968008,-0.07048671397638795,0.07048671397638795,NA,NA,1
gene-LOC114968030,-0.1867536531116839,0.1867536531116839,NA,NA,1
gene-LOC114968074,-0.15464701824815255,0.1796338298350212,0.2797102422583363,0.26237593350962113,9
gene-LOC114968076,-0.8899494930113091,0.8899494930113091,NA,NA,1
gene-LOC114968133,0.2065110329666908,0.2065110329666908,NA,NA,1
gene-LOC114968157,-0.35764868188642096,0.35764868188642096,NA,NA,1
gene-LOC114968206,-0.16369584528096015,0.16369584528096015,NA,NA,1
gene-LOC114968215,-0.5345028044692298,0.5345028044692298,NA,NA,1
gene-LOC114968222,-0.4835209184217995,0.4835209184217995,NA,NA,1
gene-LOC114968223,0.007150740008967593,0.042186492757706084,0.05966071020690229,0.010112673501685878,2
gene-LOC114968234,-0.07493016588816026,0.07493016588816026,NA,NA,1
gene-LOC114968273,-0.0344115817056847,0.0344115817056847,NA,NA,1
gene-LOC114968281,0.04610815822369352,0.04610815822369352,NA,NA,1
gene-LOC114968287,-1.5156055330170357,1.5156055330170357,NA,NA,1
gene-LOC114968321,0.1145715613710816,0.1145715613710816,NA,NA,1
gene-LOC114968383,-0.662202070514827,0.6717837542602213,0.5471252790424385,0.5336087189291147,8
gene-LOC114968443,0.09523380744868153,0.16106001834127942,0.17781453095013758,0.11242019196626388,9
gene-LOC114968494,-1.7623122940203269,1.7623122940203269,NA,NA,1
gene-LOC114968518,-0.21071526832086615,0.21071526832086615,NA,NA,1
gene-LOC114968550,-0.12535746479683008,0.12535746479683008,NA,NA,1
gene-LOC114968555,-0.12535746479683008,0.12535746479683008,NA,NA,1
gene-LOC114968603,-0.9525073663408934,0.9525073663408934,NA,NA,1
gene-LOC114968678,0.16910302251148412,0.16910302251148412,NA,NA,1
gene-LOC114968786,-0.08886749976902308,0.2507219597043597,0.4007534614704082,0.295496044186919,4
gene-LOC114968798,-0.27644998812978727,0.27644998812978727,NA,NA,1
gene-LOC114968848,-0.16038554746714495,0.16038554746714495,NA,NA,1
gene-LOC114968861,0.0754410503916797,0.0754410503916797,NA,NA,1
gene-LOC114968866,0.0754410503916797,0.0754410503916797,NA,NA,1
gene-LOC114968873,-0.7585171353586359,0.7585171353586359,0.09364230021880687,0.09364230021880687,9
gene-LOC114968892,-0.23413437207242743,0.23413437207242743,0.028130073505285513,0.028130073505285513,2
gene-LOC114968905,-0.28906518975389994,0.4102996420703642,0.5013083851911259,0.39636119190151414,10
gene-LOC114968906,-0.2604692302321602,0.37531698051717083,0.4849475283649764,0.3935144567913967,11
gene-LOC114968961,-0.08336346191206874,0.11609663028610091,0.16418542909641892,0.11789373844242056,2
gene-LOC114968969,-0.8234613054956734,0.8234613054956734,0.06474402347483056,0.06474402347483056,2
gene-LOC114968977,0.013044448158672948,0.13989753773043206,0.1895258241276058,0.10025876568934189,4
gene-LOC114968987,0.01558504670068117,0.01558504670068117,NA,NA,1
gene-LOC114969031,-0.8272288852526768,0.8272288852526768,NA,NA,1
gene-LOC114969073,-0.08056259158134171,0.08056259158134171,NA,NA,1
gene-LOC114969112,-0.7096149422695933,0.7096149422695933,NA,NA,1
gene-LOC114969152,-0.15772421006033088,0.15772421006033088,0.18751580629293052,0.18751580629293052,2
gene-LOC114969154,-0.29410265888124965,0.29410265888124965,NA,NA,1
gene-LOC114969194,-0.02810719821331264,0.02810719821331264,NA,NA,1
gene-LOC114969230,-0.6899462112165264,0.6899462112165264,NA,NA,1
gene-LOC114969300,-1.5396908456282938,1.5396908456282938,NA,NA,1
gene-LOC114969370,-1.7581605736341688,1.7581605736341688,NA,NA,1
gene-LOC114969373,-0.8103332578756552,0.8103332578756552,0.07272675360836085,0.07272675360836085,2
gene-LOC114969381,-0.3557498064533567,0.3557498064533567,0.5479076807260169,0.5479076807260169,3
gene-LOC114969385,-0.0166745423612239,0.0166745423612239,NA,NA,1
gene-LOC114969493,0.06538475317981962,0.06538475317981962,NA,NA,1
gene-LOC114969506,0.2184504565294474,0.2184504565294474,NA,NA,1
gene-LOC114969537,-0.16570103391698768,0.16570103391698768,0.10544404597033685,0.10544404597033685,3
gene-LOC114969569,-0.04023759533802791,0.04023759533802791,0.0345522186750493,0.0345522186750493,3
gene-LOC114969632,-0.07116981507148645,0.19170745863740535,0.2711152880130978,0.10064931770568125,2
gene-LOC114969663,-0.7147805697974629,0.7147805697974629,NA,NA,1
gene-LOC114969721,0.010797260163578015,0.015493919033082663,0.021911710430896136,0.01526963175980277,2
gene-LOC114969781,-1.3861583642868522,1.3861583642868522,NA,NA,1
gene-LOC114969792,-0.6004128212660399,0.6004128212660399,NA,NA,1
gene-LOC114969827,-0.48650477858213914,0.48650477858213914,0.22658148902449737,0.22658148902449737,2
gene-LOC114969842,-1.5371672622895916,1.5371672622895916,NA,NA,1
gene-LOC114969853,-0.13277984681905575,0.13277984681905575,NA,NA,1
gene-LOC114969872,-0.5158096438256217,0.5158096438256217,NA,NA,1
gene-LOC114969900,-0.02298378345302465,0.02298378345302465,0.011623696451063053,0.011623696451063053,2
gene-LOC114969901,-0.2686201066108406,0.2686201066108406,NA,NA,1
gene-LOC114969972,-0.6028610592972001,0.6028610592972001,0.3808451188148247,0.3808451188148247,4
gene-LOC114969988,-0.14388837255424658,0.14388837255424658,0.014879010056221824,0.014879010056221824,3
gene-LOC114970000,0.07549393442787045,0.07549393442787045,0.005751253064260765,0.005751253064260765,2
gene-LOC114970126,-0.08130255496114347,0.08130255496114347,NA,NA,1
gene-LOC114970212,0.01616901490763156,0.01616901490763156,NA,NA,1
gene-LOC114970242,-0.02121118735025917,0.02121118735025917,NA,NA,1
gene-LOC114970246,-0.04200253414358812,0.04200253414358812,NA,NA,1
gene-LOC114970311,-0.28893917998524266,0.36368831221989045,0.6685684071923038,0.6180123489671626,4
gene-LOC114970312,-0.03761477910666899,0.03761477910666899,NA,NA,1
gene-LOC114970341,-1.0518274752030383,1.0518274752030383,0.22390310126100674,0.22390310126100674,3
gene-LOC114970391,0.00665577051639276,0.00665577051639276,NA,NA,1
gene-LOC114970392,-1.2419599235005365,1.2419599235005365,0.513558798207824,0.513558798207824,3
gene-LOC114970438,-0.09287351352194777,0.1270092751982385,0.17651948826230632,0.1454348918694979,4
gene-LOC114970470,-1.2956571540261852,1.2956571540261852,NA,NA,1
gene-LOC114970483,-0.31308216598676974,0.31308216598676974,NA,NA,1
gene-LOC114970511,-0.1235659338948426,0.1235659338948426,NA,NA,1
gene-LOC114970515,-0.05024830148528911,0.18763031677936365,0.26564706834598145,0.18606476439936148,11
gene-LOC114970547,-0.7884131507210925,0.7884131507210925,NA,NA,1
gene-LOC114970590,-0.17936589905496864,0.17936589905496864,0.08330161071542802,0.08330161071542802,2
gene-LOC114970594,-0.197762684412975,0.197762684412975,NA,NA,1
gene-LOC114970625,-0.7222990093524451,0.7222990093524451,0.5628877018698408,0.5628877018698408,2
gene-LOC114970641,0.04886478931647281,0.12116641637777653,0.17135518934559707,0.06910524777385976,2
gene-LOC114970673,0.09922654682264807,0.09922654682264807,NA,NA,1
gene-LOC114970779,-0.05357098979529786,0.11458041924673942,0.13120296687038138,0.06626229400422279,5
gene-LOC114970781,-0.3674176134359379,0.3674176134359379,0.4218506232653357,0.4218506232653357,3
gene-LOC114970784,-0.189945584281376,0.189945584281376,NA,NA,1
gene-LOC114970800,-0.00866614555345368,0.00866614555345368,NA,NA,1
gene-LOC114970808,-1.4239479405303652,1.4239479405303652,NA,NA,1
gene-LOC114970821,-0.7444795378898161,0.7444795378898161,NA,NA,1
gene-LOC114970822,-0.00421494310742287,0.00421494310742287,NA,NA,1
gene-LOC114970825,-0.7444795378898161,0.7444795378898161,NA,NA,1
gene-LOC114970914,-0.371959158188059,0.371959158188059,NA,NA,1
gene-LOC114970925,0.0966748922224392,0.0966748922224392,NA,NA,1
gene-LOC114970935,-0.6236905255162827,0.6272734533418048,0.7925477234213195,0.7887684973228082,4
gene-LOC114970937,-1.6489326951333565,1.6489326951333565,NA,NA,1
gene-LOC114971022,-0.7262512115326637,0.7262512115326637,NA,NA,1
gene-LOC114971025,-0.7931144442891088,0.7931144442891088,0.2611041502624143,0.2611041502624143,6
gene-LOC114971033,0.1277429068754401,0.1277429068754401,NA,NA,1
gene-LOC114971105,-0.556967854733986,0.556967854733986,0.03525535459174513,0.03525535459174513,2
gene-LOC114971157,-1.0942866385300063,1.0942866385300063,0.3895471858276147,0.3895471858276147,2
gene-LOC114971163,-0.327167054471985,0.327167054471985,0.3410019563517472,0.3410019563517472,2
gene-LOC114971210,-0.0281400944412935,0.0281400944412935,NA,NA,1
gene-LOC114971215,-0.92371487233649,0.92371487233649,NA,NA,1
gene-LOC114971216,-0.2206074208545456,0.2206074208545456,0.135148990457859,0.135148990457859,2
gene-LOC114971256,-0.20344345438253364,0.20344345438253364,NA,NA,1
gene-LOC114971262,-0.62659368580431,0.62659368580431,0.4781508921149924,0.4781508921149924,2
gene-LOC114971274,-0.0025038401369261096,0.11921308264145242,0.1685927582838466,0.0035409646796550117,2
gene-LOC114971284,-0.0728899404623371,0.0728899404623371,0.03769920805347781,0.03769920805347781,2
gene-LOC114971295,0.1529231041927689,0.1529231041927689,NA,NA,1
gene-LOC114971348,0.03912677515632814,0.09941485141998964,0.13222298464082555,0.0839190531489842,5
gene-LOC114971356,-0.894159327407917,0.894159327407917,0.3151416400823633,0.3151416400823633,2
gene-LOC114971357,0.055551136178932974,0.055551136178932974,0.02954814801611627,0.02954814801611627,4
gene-LOC114971361,-0.23839861168149343,0.23839861168149343,NA,NA,1
gene-LOC114971372,0.09610616437677376,0.09610616437677376,NA,NA,1
gene-LOC114971377,-0.5717859566409753,0.5717859566409753,NA,NA,1
gene-LOC114971391,-0.7107580752474749,0.7107580752474749,NA,NA,1
gene-LOC114971397,-0.552080030489777,0.552080030489777,0.6451485697694397,0.6451485697694397,2
gene-LOC114971423,-0.5369310640083481,0.645356114366132,0.9126713694969862,0.7593351927800223,2
gene-LOC114971428,-0.35107755612473107,0.35107755612473107,NA,NA,1
gene-LOC114971433,-0.01918750807391478,0.01918750807391478,NA,NA,1
gene-LOC114971521,-0.5042061208076292,0.5042061208076292,0.453827104371902,0.453827104371902,4
gene-LOC114971616,0.1841125471564758,0.1841125471564758,0.01607320786542029,0.01607320786542029,2
gene-LOC114971705,-0.1720525969199128,0.1720525969199128,NA,NA,1
gene-LOC114971732,-0.24426380008536455,0.24426380008536455,0.2570911785911846,0.2570911785911846,2
gene-LOC114971733,-0.11826133962176116,0.11826133962176116,0.03513451078330767,0.03513451078330767,2
gene-LOC114971765,0.1023558010595182,0.1023558010595182,0.1165422785548184,0.1165422785548184,2
gene-LOC114971825,-0.15618924000931478,0.15618924000931478,NA,NA,1
gene-LOC114971827,-0.24851434319446114,0.24851434319446114,0.21430267347143717,0.21430267347143717,2
gene-LOC114971851,-1.1730989507748713,1.1730989507748713,0.17514075960349923,0.17514075960349923,2
gene-LOC114971853,-0.6235040476893192,0.6235040476893192,NA,NA,1
gene-LOC114971859,-7.285176813412239e-4,0.007661530154962031,0.01109404055003747,0.005985421979345076,3
gene-LOC114971935,0.14249643635121234,0.14249643635121234,NA,NA,1
gene-LOC114971985,-0.5016854288127863,0.5016854288127863,0.03812240178269773,0.03812240178269773,2
gene-LOC114971988,0.11245811309831076,0.11245811309831076,NA,NA,1
gene-LOC114972058,-0.6028144761420605,0.6028144761420605,0.3149830052290207,0.3149830052290207,2
gene-LOC114972078,-0.06987694009413115,0.15323378125526976,0.21670529166491465,0.09882091637825256,2
gene-LOC114972103,-0.31308133640994973,0.32472257336497035,0.45185490270031836,0.4407642051047358,4
gene-LOC114972184,-0.3221656637593762,0.3791751989115066,0.4788949555323899,0.42853866578809746,8
gene-LOC114972208,-0.11848776340359862,0.3118999398228639,0.4103493560799274,0.2617172657144887,6
gene-LOC114972237,-0.09327302167650037,0.1195308721764517,0.16966420532595414,0.14606703527749312,4
gene-LOC114972251,-0.01447937453062309,0.01447937453062309,NA,NA,1
gene-LOC114972361,-0.609576540363591,0.6765439602656034,0.555584778675879,0.4531232066050683,6
gene-LOC114972375,0.00950356118907069,0.00950356118907069,NA,NA,1
gene-LOC114972379,-0.5445604297332755,0.5445604297332755,0.9315821259381628,0.9315821259381628,3
gene-LOC114972423,-0.7394778738242368,0.7394778738242368,NA,NA,1
gene-LOC114972424,-0.9770869748455604,0.9770869748455604,NA,NA,1
gene-LOC114972427,0.00950356118907069,0.00950356118907069,NA,NA,1
gene-LOC114972432,-0.9770869748455604,0.9770869748455604,NA,NA,1
gene-LOC114972459,-0.6117572249007931,0.6117572249007931,0.2824385085027084,0.2824385085027084,3
gene-LOC114972488,0.03774455000147303,0.03774455000147303,NA,NA,1
gene-LOC114972505,-0.04737861104354357,0.12508847679642462,0.17128522287071146,0.09609909577939789,3
gene-LOC114972507,0.06961538462472272,0.06961538462472272,NA,NA,1
gene-LOC114972516,-0.5245921574369141,0.5245921574369141,NA,NA,1
gene-LOC114972631,0.00659120701579513,0.042486257987352116,0.057970884975835114,0.03530804122958644,6
gene-LOC114972640,-0.09117222505005461,0.20968688060114088,0.24996033448948415,0.1222233656761903,4
gene-LOC114972645,-0.6316479338849026,0.6316479338849026,NA,NA,1
gene-LOC114972659,-0.7877256199595861,0.9817416025409804,0.9624839927611447,0.6414187817587726,3
gene-LOC114972670,0.09831687202744088,0.09831687202744088,NA,NA,1
gene-LOC114972692,-0.4089789021943085,0.4089789021943085,NA,NA,1
gene-LOC114972764,-1.3438352360842378,1.3438352360842378,0.6133100074045829,0.6133100074045829,3
gene-LOC114972772,0.20685018134708488,0.20685018134708488,NA,NA,1
gene-LOC114972853,-0.6329394768901528,0.6329394768901528,NA,NA,1
gene-LOC114972905,-0.2624680980874305,0.2624680980874305,0.21087581577139208,0.21087581577139208,2
gene-LOC114973070,-0.739135395633713,0.739135395633713,NA,NA,1
gene-LOC114973206,0.09676050204695565,0.09676050204695565,NA,NA,1
gene-LOC114973210,-0.2737567996817548,0.3470682123934822,0.41339052182990005,0.33197436441606343,4
gene-LOC114973223,-0.11908129974963007,0.11908129974963007,0.07208391630848925,0.07208391630848925,3
gene-LOC114973268,-0.10494102060590305,0.10494102060590305,NA,NA,1
gene-LOC114973395,-0.6879330137696738,0.6879330137696738,NA,NA,1
gene-LOC114973398,-0.05916951425934347,0.05916951425934347,NA,NA,1
gene-LOC114973401,-0.4896634905912083,0.51076647010087906,0.35343579686264287,0.32013326323970376,17
gene-LOC114973452,-1.8262260627989044,1.8262260627989044,NA,NA,1
gene-LOC114973513,-0.12115688009755754,0.12115688009755754,NA,NA,1
gene-LOC114973548,-0.017900309632078226,0.1742917208274295,0.23240580567657032,0.09448113153472622,3
gene-LOC114973600,-0.2254420566545133,0.2605978010321079,0.34294659086210616,0.31650680088464667,50
gene-LOC114973624,-0.2544068909219076,0.4083355392614235,0.7200211766898573,0.6183934289064622,4
gene-LOC114973657,0.2195704253529802,0.2195704253529802,NA,NA,1
gene-LOC114973813,-0.2992498448784455,0.2992498448784455,NA,NA,1
gene-LOC114973961,-0.9790863554384326,0.9790863554384326,NA,NA,1
gene-LOC114973964,-0.41519157155860753,0.41519157155860753,NA,NA,1
gene-LOC114974042,0.25524735813308286,0.25524735813308286,NA,NA,1
gene-LOC114974055,-0.36396005477510085,0.40647178293752934,0.3873987577022991,0.33771314711084777,11
gene-LOC114974136,-0.45834414978007926,0.49838528665339527,0.401753295678119,0.34163199579972947,7
gene-LOC114974137,-0.6430490172313424,0.6430490172313424,NA,NA,1
gene-LOC114974204,-1.1348828899848764,1.1348828899848764,0.6028383460204826,0.6028383460204826,5
gene-LOC114974210,0.19443824494215445,0.19443824494215445,NA,NA,1
gene-LOC114974262,-0.06794209703350174,0.06794209703350174,NA,NA,1
gene-LOC114974303,-0.429595637532277,0.5260189482144971,0.7251747930650896,0.6408580793589113,5
gene-LOC114974378,-0.21541640768722367,0.21541640768722367,0.10000109676631086,0.10000109676631086,4
gene-LOC114974401,-0.5105570405204065,0.5105570405204065,0.39544109055458115,0.39544109055458115,3
gene-LOC114974402,0.11658600668265916,0.11658600668265916,NA,NA,1
gene-LOC114974405,-0.6545793905761715,0.6545793905761715,NA,NA,1
gene-LOC114974411,-0.34070579301457804,0.34070579301457804,0.08914440698382356,0.08914440698382356,4
gene-LOC114974480,-0.8621958156674329,0.8621958156674329,NA,NA,1
gene-LOC114974624,-0.17376903780348651,0.17376903780348651,NA,NA,1
gene-LOC114974643,-0.7125044580699471,0.7125044580699471,0.1303058509107654,0.1303058509107654,2
gene-LOC114974735,-0.9239040423830832,0.9239040423830832,NA,NA,1
gene-LOC114974804,-0.19420140225092805,0.3763092289802631,0.4521509429690997,0.25673827202397187,4
gene-LOC114974815,-0.01903722800451168,0.01903722800451168,NA,NA,1
gene-LOC114974863,-0.19577409481980812,0.19577409481980812,NA,NA,1
gene-LOC114974922,0.1331137970295152,0.1331137970295152,NA,NA,1
gene-LOC114974955,-0.7887151416549495,0.7887151416549495,NA,NA,1
gene-LOC114974997,-0.03789330240162891,0.03789330240162891,NA,NA,1
gene-LOC114975010,-0.00136115980785433,0.00136115980785433,NA,NA,1
gene-LOC114975023,-0.08464568204630474,0.08464568204630474,NA,NA,1
gene-LOC114975044,-0.5219208266358494,0.5219208266358494,NA,NA,1
gene-LOC114975107,0.07679763703579778,0.07679763703579778,NA,NA,1
gene-LOC114975181,-0.8732395771550973,0.8732395771550973,NA,NA,1
gene-LOC114975209,-0.7774572238287712,0.7774572238287712,0.047913049214983607,0.047913049214983607,2
gene-LOC114975284,-0.2597906613880929,0.2597906613880929,NA,NA,1
gene-LOC114975292,-0.4379323108216376,0.5024354160340346,0.4740268725171776,0.3792439293780867,4
gene-LOC114975307,-0.6236224990601583,0.6236224990601583,NA,NA,1
gene-LOC114975313,-0.6799302388407988,0.6799302388407988,NA,NA,1
gene-LOC114975323,-0.771199635999082,0.771199635999082,NA,NA,1
gene-LOC114975331,0.1978001457200752,0.1978001457200752,NA,NA,1
gene-LOC114975334,-0.04095188641560976,0.04095188641560976,NA,NA,1
gene-LOC114975365,-0.7359326994959954,0.7359326994959954,NA,NA,1
gene-LOC114975382,-0.8560490653204164,0.8560490653204164,0.3924662071560475,0.3924662071560475,2
gene-LOC114975414,-0.39523301324128257,0.39523301324128257,NA,NA,1
gene-LOC114975486,-0.18427599318311846,0.22725540745047534,0.3750322628508252,0.3378137509800706,3
gene-LOC114975488,-1.5097188971520548,1.5097188971520548,NA,NA,1
gene-LOC114975490,-1.5097188971520548,1.5097188971520548,NA,NA,1
gene-LOC114975511,-0.9709074705526899,0.9709074705526899,0.13489328935629388,0.13489328935629388,2
gene-LOC114975686,-0.920312760036952,0.920312760036952,NA,NA,1
gene-LOC114975697,0.18505888288743855,0.18505888288743855,NA,NA,1
gene-LOC114975712,-0.16648452098032107,0.16648452098032107,NA,NA,1
gene-LOC114975780,-0.10456148488955996,0.10456148488955996,NA,NA,1
gene-LOC114975816,-0.4479124105960796,0.4479124105960796,0.4609864414581469,0.4609864414581469,2
gene-LOC114975854,-0.11172009516152975,0.11172009516152975,0.11836341460343756,0.11836341460343756,2
gene-LOC114975899,-0.14935260607359946,0.14935260607359946,NA,NA,1
gene-LOC114975974,0.12165495012189936,0.12165495012189936,0.16757607965105994,0.16757607965105994,2
gene-LOC114975976,0.12165495012189936,0.12165495012189936,0.16757607965105994,0.16757607965105994,2
gene-LOC114976014,0.02704817813212456,0.02704817813212456,NA,NA,1
gene-LOC114976020,-0.8148915699296331,0.8148915699296331,NA,NA,1
gene-LOC114976023,0.1550193943877094,0.1550193943877094,NA,NA,1
gene-LOC114976039,0.17116363123895095,0.17116363123895095,NA,NA,1
gene-LOC114976045,-0.597790345060337,0.597790345060337,NA,NA,1
gene-LOC114976066,-0.01501084840832966,0.01501084840832966,NA,NA,1
gene-LOC114976077,-0.06495081552276549,0.06495081552276549,0.07404910700487422,0.07404910700487422,2
gene-LOC114976176,0.079466913047316165,0.09626488395853439,0.11834234153680094,0.10156272831389655,5
gene-LOC114976200,0.1070870000310934,0.1070870000310934,0.06116369805582381,0.06116369805582381,2
gene-LOC114976258,-0.6035803222288959,0.6035803222288959,NA,NA,1
gene-LOC114976273,0.27152671801882633,0.27152671801882633,NA,NA,1
gene-LOC114976289,0.06878133925974161,0.06878133925974161,NA,NA,1
gene-LOC114976290,0.06878133925974161,0.06878133925974161,NA,NA,1
gene-LOC114976297,-0.04812647447006191,0.04812647447006191,NA,NA,1
gene-LOC114976328,0.06667541849064174,0.06667541849064174,NA,NA,1
gene-LOC114976351,-0.6266548775353888,0.6266548775353888,NA,NA,1
gene-LOC114976472,0.09851347161097355,0.09851347161097355,NA,NA,1
gene-LOC114976476,-0.512984789732397,0.512984789732397,0.1977664044680659,0.1977664044680659,3
gene-LOC114976483,0.024970797253991095,0.07066652114636662,0.09993755261091679,0.03531404013986304,2
gene-LOC114976499,-0.33086746637400577,0.3592290371648008,0.5080265763566899,0.46791725829414293,2
gene-LOC114976560,0.08409783813855676,0.16495659380402417,0.161846206383926,0.04503683791133704,6
gene-LOC114976577,-0.02328096030595002,0.20735579399278053,0.2932453761012318,0.0329242498097442,2
gene-LOC114976596,-0.47828407275556245,0.47828407275556245,0.29533788021820384,0.29533788021820384,2
gene-LOC114976597,0.02694200132253665,0.02694200132253665,0.030802982290031835,0.030802982290031835,2
gene-LOC114976736,-1.115321029333352,1.115321029333352,0.06424776908409204,0.06424776908409204,2
gene-LOC114976753,-0.0728648326175303,0.0728648326175303,NA,NA,1
gene-LOC114976771,0.012609274033977822,0.0935317238580448,0.13827896426532196,0.0789765002643178,3
gene-LOC114976796,-0.38357550693979897,0.4390845612129552,0.6209593414960006,0.542457684108399,2
gene-LOC114976797,-0.15941241862238187,0.15941241862238187,NA,NA,1
gene-LOC114976846,-0.03149064701808968,0.03149064701808968,NA,NA,1
gene-LOC114976864,-0.01090317614390445,0.01090317614390445,NA,NA,1
gene-LOC114976872,0.010772027929607299,0.07943282989146423,0.10989154878024171,0.052781110968273134,3
gene-LOC114976877,0.07811200344825897,0.07811200344825897,NA,NA,1
gene-LOC114976894,0.1870584281552529,0.1870584281552529,NA,NA,1
gene-LOC114976971,0.11052884930128126,0.11052884930128126,NA,NA,1
gene-LOC114976976,-0.9042833900630404,0.9042833900630404,NA,NA,1
gene-LOC114976977,0.11052884930128126,0.11052884930128126,NA,NA,1
gene-LOC114977033,-0.24544179199746996,0.24544179199746996,NA,NA,1
gene-LOC114977046,0.0695744137613592,0.0695744137613592,NA,NA,1
gene-LOC114977075,-0.01960767082829601,0.03142650362089699,0.044443787638639695,0.027729434011923515,2
gene-LOC114977107,-1.0080596935872572,1.0080596935872572,NA,NA,1
gene-LOC114977140,-0.722906075152162,0.722906075152162,NA,NA,1
gene-LOC114977141,-0.722906075152162,0.722906075152162,NA,NA,1
gene-LOC114977259,0.13849352626754974,0.13849352626754974,NA,NA,1
gene-LOC114977382,0.02561740768697273,0.02561740768697273,NA,NA,1
gene-LOC114977386,-0.283839540622049,0.283839540622049,0.04100018332455817,0.04100018332455817,3
gene-LOC114977396,0.02478299515839432,0.02478299515839432,NA,NA,1
gene-LOC114977406,-0.7645569469406976,0.7645569469406976,0.06525000364449476,0.06525000364449476,4
gene-LOC114977451,-0.6922393762149756,0.6922393762149756,0.5442363191862216,0.5442363191862216,3
gene-LOC114977558,-0.057230962662142,0.057230962662142,NA,NA,1
gene-LOC114977559,0.216174314979783,0.216174314979783,0.08673507871272698,0.08673507871272698,3
gene-LOC114977640,0.07849411816670837,0.07849411816670837,NA,NA,1
gene-LOC114977779,-0.6878440165147661,0.6878440165147661,NA,NA,1
gene-LOC114977834,0.00574097823666608,0.04914066588314947,0.06949539615599483,0.008118969283581946,2
gene-LOC114977875,0.2301047126149942,0.2301047126149942,NA,NA,1
gene-LOC114977877,-0.3456767961410745,0.3456767961410745,NA,NA,1
gene-LOC122946971,-1.0690605141130334,1.0690605141130334,NA,NA,1
gene-LOC122946986,-0.0490816917772201,0.0490816917772201,NA,NA,1
gene-LOC122946996,-0.014474268621022506,0.228229289633572,0.32170332905183346,0.1852589889775673,4
gene-LOC122947068,-0.2641768483708148,0.2641768483708148,NA,NA,1
gene-LOC122947138,-0.28848994755940155,0.28848994755940155,NA,NA,1
gene-LOC122947149,-0.7343072511335138,0.7343072511335138,NA,NA,1
gene-LOC122947232,-0.09492424227232751,0.09492424227232751,0.12203257901744001,0.12203257901744001,2
gene-LOC122947250,-0.36396005477510085,0.40647178293752934,0.3873987577022991,0.33771314711084777,11
gene-LOC122947280,0.04772925038189213,0.21493784758945933,0.30396801912829463,0.06749935321197308,2
gene-LOC122947296,-0.26597307934960573,0.26597307934960573,0.03765176809090604,0.03765176809090604,2
gene-LOC122947315,-0.6915375105874075,0.6915375105874075,NA,NA,1
gene-LOC122947409,-0.4268401767955646,0.4268401767955646,0.18767606372002482,0.18767606372002482,2
gene-LOC122947446,0.0993684597835658,0.0993684597835658,NA,NA,1
gene-LOC122947599,-0.5330559579101475,0.5330559579101475,0.09654362395597992,0.09654362395597992,3
gene-LOC122947622,-0.5016806860647665,0.5016806860647665,0.2627540284744327,0.2627540284744327,3
gene-LOC122947638,0.1171077724015388,0.1171077724015388,NA,NA,1
gene-LOC122947693,0.1661404597706695,0.1661404597706695,NA,NA,1
gene-LOC122947739,-0.053681183084827645,0.22007476156894368,0.3231966301628564,0.19007686564983445,3
gene-LOC122947817,-0.42184399035293574,0.42184399035293574,NA,NA,1
gene-LOC122948010,-0.052183751913703946,0.052183751913703946,0.0650765501583958,0.0650765501583958,2
gene-LOC122948536,-0.29320473104191247,0.29320473104191247,NA,NA,1
gene-LOC122948551,-0.1488509056703368,0.15906344128466904,0.2711535080872083,0.26231154301009507,3
gene-LOC122948555,0.16154922118735393,0.16154922118735393,NA,NA,1
gene-LOC122948566,-0.7691415887768516,0.7691415887768516,NA,NA,1
gene-LOC122948579,-0.04822080021711184,0.04822080021711184,NA,NA,1
gene-LOC122948684,-1.1994756070750128,1.1994756070750128,0.31977071606608487,0.31977071606608487,5
gene-LOC122948712,0.09134952687337428,0.09134952687337428,NA,NA,1
gene-LOC122948912,0.182107826729335,0.182107826729335,0.056914690338632876,0.056914690338632876,2
gene-LOC122949002,-0.2414480663790185,0.2414480663790185,NA,NA,1
gene-LOC122949045,-0.6254805468647124,0.6254805468647124,0.3262829089457408,0.3262829089457408,3
gene-LOC122949046,-0.6316479338849026,0.6316479338849026,NA,NA,1
gene-LOC122949108,-0.7846639647333985,0.7846639647333985,0.06224664319436769,0.06224664319436769,6
gene-LOC122949179,-0.6878619352786578,0.6878619352786578,0.07079754688670443,0.07079754688670443,6
gene-LOC122949199,-0.1940694242582421,0.1940694242582421,0.08946453757814242,0.08946453757814242,2
gene-LOC122949216,-0.04510846658058232,0.12953785976449078,0.19883105968883846,0.1409730913691284,4
gene-LOC122949323,-0.886209889779102,0.886209889779102,NA,NA,1
gene-LOC122949519,0.06460203665929307,0.06460203665929307,0.04322770668432598,0.04322770668432598,4
gene-LOC122949522,-0.36820394589500505,0.36820394589500505,0.17233362920852968,0.17233362920852968,2
gene-LOC122949527,-0.28547387193905954,0.3757891407874351,0.5545936752246952,0.4960800984686959,35
gene-LOC122949533,-0.7485067872575933,0.7485067872575933,0.0897402775493506,0.0897402775493506,3
gene-LOC122949597,0.0254903649852376,0.0254903649852376,NA,NA,1
gene-LOC122949735,-0.03942720200738203,0.03942720200738203,NA,NA,1
gene-LOC122950038,-1.3286318116313305,1.3286318116313305,NA,NA,1
gene-LOC122950127,-0.22382007285184768,0.22382007285184768,NA,NA,1
gene-LOC122950129,-0.22382007285184768,0.22382007285184768,NA,NA,1
gene-LOC122950130,-0.22382007285184768,0.22382007285184768,NA,NA,1
gene-LOC122950160,0.02703925885562312,0.05096787585102909,0.07794843555967158,0.05723682671360713,3
gene-LOC122950276,-0.1772977984201448,0.25122568105659926,0.2985495707174855,0.2284119971197939,7
gene-LOC122950308,0.04921911319048155,0.04921911319048155,NA,NA,1
gene-LOC122950367,-1.1475026441094025,1.1475026441094025,NA,NA,1
gene-LOC122950685,-0.01586618988893229,0.01586618988893229,NA,NA,1
gene-LOC122950817,0.07289584069256944,0.07289584069256944,0.028044351508123948,0.028044351508123948,2
gene-LOC122950838,-0.01070393246994254,0.034130205326021845,0.048972183709556284,0.028685007571369936,3
gene-LOC122950865,-0.10622211656931863,0.15049008329169206,0.21282511679376762,0.15022075787630626,2
gene-LOC122950874,-0.8272822774589152,0.8272822774589152,0.11711441945266231,0.11711441945266231,4
gene-LOC122950945,-0.1297136877533008,0.14193108210005997,0.20072086122819405,0.18344285644614683,2
gene-LOC122951031,-0.3488006031444241,0.3488006031444241,0.2354797691606396,0.2354797691606396,2
gene-LOC122951076,0.11691084358176652,0.11691084358176652,NA,NA,1
gene-LOC122951080,-0.009011088169342873,0.08814225491376576,0.11858496973683944,0.0617407363559128,4
gene-LOC122951183,-0.428393071076733,0.428393071076733,NA,NA,1
gene-LOC122951201,-0.07841553523380196,0.07841553523380196,NA,NA,1
gene-LOC122951307,0.1185312773755125,0.1185312773755125,NA,NA,1
gene-LOC122951466,-1.3840042681991096,1.3840042681991096,0.12020413960365212,0.12020413960365212,2
gene-LOC122951523,0.1732872454779656,0.1732872454779656,NA,NA,1
gene-LOC122951603,-0.44166674439126963,0.55638362967038,0.786845274962221,0.6246110999673046,2
gene-LOC122952132,-1.647314009882261,1.647314009882261,NA,NA,1
gene-LOC122952133,0.03871966255413589,0.08263431979406827,0.11686257577024685,0.05475787191456866,2
gene-LOC122952190,-0.5912730157867455,0.5912730157867455,NA,NA,1
gene-LOC122952192,-0.4851034393306421,0.4851034393306421,0.2336729305264168,0.2336729305264168,8
gene-LOC122952994,0.0370636147320105,0.04584335276895671,0.05246088261123639,0.0422091095565296,4
gene-LOC122953207,-0.3339138410544168,0.3339138410544168,NA,NA,1
gene-LOC122953222,-0.6356477916437322,0.6555842751540473,0.4325968997117599,0.39636727038346464,7
gene-LOC122953259,-0.03680490167621773,0.1099568060989272,0.13953003179537055,0.09102418498343937,25
gene-LOC122953381,0.07197210612164978,0.10558402472565875,0.11081252702103961,0.06574252698630696,4
gene-LOC122953465,0.02605468000485678,0.02605468000485678,NA,NA,1
gene-LOC122953596,-0.4754673413214841,0.4754673413214841,NA,NA,1
gene-LOC122953688,0.04684702321426648,0.04684702321426648,NA,NA,1
gene-LOC122954374,0.014682119495060954,0.136931711290068,0.17029796445592596,0.09027639037078089,9
gene-LOC122954428,-1.5744465259908786,1.5744465259908786,NA,NA,1
gene-LOC122954434,-0.5269235921961611,0.5706104436867875,0.5261335891680138,0.452653116639582,3
gene-LOC122954618,-0.07209629343379023,0.3573385775105952,0.4954511787584135,0.24846004780949127,3
gene-LOC122954621,0.1204565083312248,0.1204565083312248,NA,NA,1
gene-LOC122954644,-1.0598093797303099,1.0598093797303099,0.14373094857812665,0.14373094857812665,5
gene-LOC122954707,0.2296234716352048,0.2296234716352048,NA,NA,1
gene-LOC122954978,0.1539503520279062,0.1539503520279062,NA,NA,1
gene-LOC122955165,-0.9994577560821634,0.9994577560821634,NA,NA,1
gene-LOC122955245,-0.1207769724013027,0.1207769724013027,NA,NA,1
gene-LOC122955418,-0.6856675312933262,0.6856675312933262,0.3194162031710261,0.3194162031710261,2
gene-LOC122955765,-0.11402366147940479,0.11402366147940479,0.07820939884794005,0.07820939884794005,6
gene-LOC122955770,0.032314412976295115,0.032314412976295115,0.0071555202900322485,0.0071555202900322485,3
gene-LOC122955900,-0.20724983630254323,0.20724983630254323,NA,NA,1
gene-LOC122955958,-1.478484077628281,1.478484077628281,NA,NA,1
gene-LOC122955963,-0.11812885122689176,0.14115641628895137,0.1996253183318175,0.16705942351262396,2
gene-LOC122955979,-0.37760139423016476,0.3834135481019733,0.2953792462969676,0.2866947621356487,8
gene-LOC122956072,-0.2631015335468168,0.2758171681455529,0.2214274561512154,0.20327527736375078,9
gene-LOC122956102,-0.22006026908255716,0.23140792133402427,0.2790455980793673,0.2665251215880843,4
gene-LOC122956110,0.11562177762220667,0.11562177762220667,0.12942730714195297,0.12942730714195297,3
gene-LOC122956201,-1.4459810359945404,1.4459810359945404,NA,NA,1
gene-LOC122956209,0.25411070200999863,0.25411070200999863,0.020903258780203812,0.020903258780203812,4
gene-LOC122956254,-1.4421112775268221,1.4421112775268221,0.012748554512288178,0.012748554512288178,2
gene-LOC122956446,-0.728392040110365,0.728392040110365,NA,NA,1
gene-LOC122956579,-0.4041623290955127,0.4041623290955127,NA,NA,1
gene-LOC122957069,0.16712445575411794,0.16712445575411794,NA,NA,1
gene-LOC122957354,0.11481719080935736,0.11481719080935736,NA,NA,1
gene-LOC122957577,-0.03658429143047953,0.07184444845855581,0.07734799915447148,0.04016621831064765,8
gene-LOC122957809,-0.23456846496951567,0.23456846496951567,NA,NA,1
gene-LOC122957963,0.0012226586872465806,0.09839027529277522,0.13758583198595603,0.06641636919001091,3
gene-LOC122957966,-0.17739080309192118,0.2558909737767687,0.27201177391688436,0.18901355779607654,9
gene-LOC122957970,-0.6493356897131165,0.6493356897131165,NA,NA,1
gene-LOC122958113,-0.578719557268423,0.578719557268423,NA,NA,1
gene-LOC122958187,0.01378037565836465,0.01378037565836465,NA,NA,1
gene-LOC122958240,-0.5447878610542797,0.5447878610542797,0.15685037314427439,0.15685037314427439,7
gene-LOC122958303,-0.6017948418745964,0.6017948418745964,0.1946928019983082,0.1946928019983082,9
gene-LOC122958319,-0.4700320680452254,0.4700320680452254,NA,NA,1
gene-LOC122958339,-0.1949824745468598,0.1949824745468598,NA,NA,1
gene-LOC122958365,-0.3356727894122109,0.3356727894122109,0.1177377911496106,0.1177377911496106,6
gene-LOC122958765,-0.10723257502577294,0.1416242858731775,0.11905311676438399,0.0525562588224093,4
gene-LOC122959084,-1.1780562992692138,1.1780562992692138,NA,NA,1
gene-LOC122959094,-1.3630460311035295,1.3630460311035295,NA,NA,1
gene-LOC122959136,-0.7577687558550519,0.7577687558550519,NA,NA,1
gene-LOC122959297,0.19443824494215445,0.19443824494215445,NA,NA,1
gene-LOC122959379,-0.6587488129484483,0.6587488129484483,NA,NA,1
gene-LOC122959422,-0.569969254701257,0.569969254701257,NA,NA,1
gene-LOC122959517,0.1670992460687791,0.1670992460687791,0.03625421524123294,0.03625421524123294,3
gene-LOC122959773,0.03176544313590779,0.03176544313590779,NA,NA,1
gene-LOC122959784,-1.5206164216103413,1.5206164216103413,NA,NA,1
gene-LOC122959799,0.08808706693216184,0.08808706693216184,NA,NA,1
gene-LOC122959905,-0.5595448444768197,0.5949232053822076,0.6397919485654237,0.6058315482590868,29
gene-LOC122959970,-0.10175200081024394,0.10175200081024394,NA,NA,1
gene-LOC122959971,-0.10175200081024394,0.10175200081024394,NA,NA,1
gene-LOC122959998,0.2219765519871083,0.2219765519871083,NA,NA,1
gene-LOC122960147,0.08251589038120577,0.08251589038120577,0.04119574026536873,0.04119574026536873,2
gene-LOC122960200,-0.47117552710364585,0.47117552710364585,NA,NA,1
gene-LOC122960330,0.08058037806588525,0.08058037806588525,NA,NA,1
gene-LOC122960334,0.04234535133457939,0.04234535133457939,NA,NA,1
gene-LOC122960577,-0.3320826730655404,0.3660119384346037,0.42908119988961574,0.399346222317626,26
gene-LOC122960593,0.035197209515289936,0.13137910563474525,0.16984065380144334,0.10807321591534577,15
gene-LOC122960650,-1.3878186476234289,1.3878186476234289,NA,NA,1
gene-LOC122960948,0.12668407004683035,0.12668407004683035,0.054946503541356134,0.054946503541356134,8
gene-LOC122961203,0.05796740580608717,0.05796740580608717,NA,NA,1
gene-LOC122961258,-0.6270872851821118,0.6270872851821118,NA,NA,1
gene-LOC122961436,-1.425971166237864,1.425971166237864,0.15365564355948527,0.15365564355948527,3
gene-LOC122961557,-0.5273709504948554,0.6187453301087987,0.409108841584642,0.2383826497604588,19
gene-LOC122962027,-0.4211053656587761,0.4211053656587761,0.34297284879174494,0.34297284879174494,2
gene-LOC122962120,-0.2442557860127469,0.2720165529945344,0.34972370083160936,0.32309676846952917,5
gene-LOC122962154,-1.3489783862412494,1.3489783862412494,NA,NA,1
gene-LOC122962233,-0.7533922929532086,0.7533922929532086,NA,NA,1
gene-LOC122962234,-0.7533922929532086,0.7533922929532086,NA,NA,1
gene-LOC122962250,-0.7744707096078949,0.7744707096078949,NA,NA,1
gene-LOC122962258,-1.3630444750634978,1.3630444750634978,NA,NA,1
gene-LOC122962459,-0.7705588797989046,0.7705588797989046,0.07482899072204222,0.07482899072204222,3
gene-LOC122962531,-0.7919496953644826,0.7919496953644826,NA,NA,1
gene-LOC122962576,-0.3122285090739245,0.3122285090739245,NA,NA,1
gene-LOC122962618,-0.8949632739072129,0.8949632739072129,0.0605250071992776,0.0605250071992776,6
gene-LOC122962643,-0.5962978726775672,0.5962978726775672,NA,NA,1
gene-LOC122962687,-1.3709196940989707,1.3709196940989707,NA,NA,1
gene-LOC122963004,-0.712571425064864,0.712571425064864,NA,NA,1
gene-LOC122963020,-0.08928985969142167,0.08928985969142167,NA,NA,1
gene-LOC122963128,0.26408528343377313,0.26408528343377313,NA,NA,1
gene-LOC122963134,-0.18681252292258624,0.20425741796335112,0.24004690404589457,0.22321681337572924,8
gene-LOC122963243,0.04690270972182742,0.04690270972182742,NA,NA,1
gene-LOC122963249,0.021808212425922124,0.029943541537881584,0.042346562548354255,0.030841469783852524,2
gene-LOC122963250,0.021808212425922124,0.029943541537881584,0.042346562548354255,0.030841469783852524,2
gene-LOC122963311,-1.0411623974427846,1.0411623974427846,NA,NA,1
gene-LOC122963378,-1.0870767011155493,1.0870767011155493,0.15641566651784192,0.15641566651784192,2
gene-LOC122963467,-0.02822117168581872,0.02822117168581872,NA,NA,1
gene-LOC122963526,-0.5532575854099337,0.5532575854099337,0.20200024091114083,0.20200024091114083,2
gene-LOC122963867,-0.03224527059532078,0.03224527059532078,NA,NA,1
gene-LOC122963871,0.03610665816049874,0.03610665816049874,NA,NA,1
gene-LOC122963872,-0.3892640044574394,0.4151428107235017,0.36302215598008647,0.3286246002211707,8
gene-LOC122963897,-0.6427641981623842,0.6427641981623842,0.15173965328067593,0.15173965328067593,3
gene-LOC122964026,0.1208564874628144,0.1208564874628144,NA,NA,1
gene-LOC122964041,-0.29413315947273644,0.29413315947273644,NA,NA,1
gene-LOC122964172,0.05636444481759911,0.05636444481759911,0.016997972094086416,0.016997972094086416,2
gene-LOC122964557,0.09350270782992089,0.09350270782992089,NA,NA,1
gene-LOC122964646,-0.46697705383676913,0.46697705383676913,NA,NA,1
gene-LOC122964871,-0.24723530669749078,0.34073801452741165,0.48187632136074626,0.34964352382906316,2
gene-LOC122964913,-0.0666142607586107,0.1736069341149951,0.20406981357324055,0.05560240154192132,3
gene-LOC122965110,0.12238493440067458,0.12238493440067458,0.1125469278228005,0.1125469278228005,3
